Original,Actual_target,Predicted_target
angadi,ಅಂಗಡಿ,ಅಂಗದಿ
angadigala,ಅಂಗಡಿಗಳ,ಅಂಗದಿಗಳ
angadigalige,ಅಂಗಡಿಗಳಿಗೆ,ಅಂಗದಿಗಳಿಗೆ
angadigalu,ಅಂಗಡಿಗಳು,ಅಂಗದಿಗಳು
angadige,ಅಂಗಡಿಗೆ,ಅಂಗದಿಗೆ
amgadiya,ಅಂಗಡಿಯ,ಅಂಗದಿಯ
angadiya,ಅಂಗಡಿಯ,ಅಂಗದಿಯ
angadiyannu,ಅಂಗಡಿಯನ್ನು,ಅಂಗದಿಯನ್ನು
angadiyinda,ಅಂಗಡಿಯಿಂದ,ಅಂಗದಿಯಿಂದ
antuva,ಅಂಟುವ,ಅಂತುವ
antarika,ಅಂತರಿಕ,ಆಂತರಿಕ
antarjaalakke,ಅಂತರ್ಜಾಲಕ್ಕೆ,ಅಂತರ್ಜಯಗತ್
antarjalakke,ಅಂತರ್ಜಾಲಕ್ಕೆ,ಅಂತರ್ಜಯಗತ್
antarjaalada,ಅಂತರ್ಜಾಲದ,ಅಂತರ್ಜಲದ
antarjalada,ಅಂತರ್ಜಾಲದ,ಅಂತರ್ಜಲದ
antarajalavu,ಅಂತರ್ಜಾಲವು,ಅಂತರಜಾಲವು
antarjalavu,ಅಂತರ್ಜಾಲವು,ಅಂತರ್ಜಯವೂ
antaryudda,ಅಂತರ್ಯುದ್ಧ,ಅಂತರ್ಯದಿದ
antaryuddadha,ಅಂತರ್ಯುದ್ಧ,ಅಂತರ್ವಿಯದ್ದ
antaryudha,ಅಂತರ್ಯುದ್ಧ,ಅಂತರ್ಯೇದ
ambaniyavara,ಅಂಬಾನಿಯವರ,ಅನುವಣಿಯವರ
ambedkararu,ಅಂಬೇಡ್ಕರರು,ಅನುದೇಕರರು
actober,ಅಕ್ಟೋಬರ್,ಆಕ್ಟೇಬರ್
octobar,ಅಕ್ಟೋಬರ್,ಒಕ್ಟೇಬರ್
october,ಅಕ್ಟೋಬರ್,ಒಕ್ಟೇಬರ್
oktober,ಅಕ್ಟೋಬರ್,ಒಕ್ಟೂರ್ಬರ್
aagatyagalannu,ಅಗತ್ಯಗಳನ್ನು,ಆಗತ್ಯಗಳನ್ನು
agthyagalannu,ಅಗತ್ಯಗಳನ್ನು,ಅತ್ಯಗಳನ್ನು
agtyagalannu,ಅಗತ್ಯಗಳನ್ನು,ಅಗ್ತಗಳನ್ನು
agthyagalige,ಅಗತ್ಯಗಳಿಗೆ,ಅಗ್ತಾಯಗಳಿಗೆ
agtyagalige,ಅಗತ್ಯಗಳಿಗೆ,ಅಗ್ತಗಳಿಗೆ
agtyavaada,ಅಗತ್ಯವಾದ,ಅಗ್ತವಾದ
agastya,ಅಗಸ್ತ್ಯ,ಆಗಷ್ಟ್ಯ
agiyalu,ಅಗಿಯಲು,ಆಗಿಯಲು
agricaltare,ಅಗ್ರಿಕಲ್ಚರ್,ಅಗ್ರಿಕಾಲಿಟರ್
agriculture,ಅಗ್ರಿಕಲ್ಚರ್,ಆಗ್ರಿಕೊಂಡು
agrikalchar,ಅಗ್ರಿಕಲ್ಚರ್,ಅಂಟಿಕೇಲರ್
agrikulture,ಅಗ್ರಿಕಲ್ಚರ್,ಆಗ್ರಿಕೊಳ್ಳುತ್ತಾರೆ
aatorney,ಅಟಾರ್ನಿ,ಆಟರ್ನಿ
aattorney,ಅಟಾರ್ನಿ,ಆಟ್ಟೋರ್ನಿ
ataarni,ಅಟಾರ್ನಿ,ಆಟಾರ್ಣಿ
atarni,ಅಟಾರ್ನಿ,ಆಟ್ರೇಣಿ
atornei,ಅಟಾರ್ನಿ,ಆಟರ್ನಿ
atorney,ಅಟಾರ್ನಿ,ಆಟರ್ನಿ
attonery,ಅಟಾರ್ನಿ,ಆಟ್ಟೆನ್ಸಿ
attornei,ಅಟಾರ್ನಿ,ಆಟ್ಟರ್ನಿ
attorney,ಅಟಾರ್ನಿ,ಆಟ್ಟೋರ್ನಿ
etorney,ಅಟಾರ್ನಿ,ಯುಟ್ರೇನ್
ettorney,ಅಟಾರ್ನಿ,ಎತ್ಟರ್ನಿ
at,ಅಟ್,ಆಟ್
attimabbe,ಅತ್ತಿಮಬ್ಬೆ,ಅತ್ತಿಮ್ಬೇಬ್
athava,ಅಥವ,ಅಥವಾ
aathority,ಅಥಾರಿಟಿ,ಆಧೋರಿತಿ
aauthority,ಅಥಾರಿಟಿ,ಆದ್ಪರಿಟಿ
athaariti,ಅಥಾರಿಟಿ,ಆಧರಿತಿ
athariti,ಅಥಾರಿಟಿ,ಆಧರಿತಿ
authoriti,ಅಥಾರಿಟಿ,ಆದ್ರೋಟಿಸಿ
authority,ಅಥಾರಿಟಿ,ಆದ್ಪರಿಟಿ
adannu,ಅದನ್ನು,ಅದನ್ನೂ
adhika,ಅಧಿಕ,ಅಧೀಕ
adhyaaya,ಅಧ್ಯಾಯ,ಅಧ್ಯಯ
adhyaya,ಅಧ್ಯಾಯ,ಅಧ್ಯಯ
adyaaya,ಅಧ್ಯಾಯ,ಆದ್ಯಾಯ
adhyaayagalalli,ಅಧ್ಯಾಯಗಳಲ್ಲಿ,ಅಧ್ಯಯಗಳಲ್ಲಿ
adhyayagalalli,ಅಧ್ಯಾಯಗಳಲ್ಲಿ,ಅಧ್ಯಯಗಳಲ್ಲಿ
adhyaayada,ಅಧ್ಯಾಯದ,ಅಧ್ಯಯದ
adhyayada,ಅಧ್ಯಾಯದ,ಅಧ್ಯಯದ
adhyaayadalli,ಅಧ್ಯಾಯದಲ್ಲಿ,ಅಧ್ಯಯದಲ್ಲಿ
adhyayadalli,ಅಧ್ಯಾಯದಲ್ಲಿ,ಅಧ್ಯಯದಲ್ಲಿ
anadhikratavaagi,ಅನಧಿಕೃತವಾಗಿ,ಅನಧಿಕ್ಷವಾಗಿ
anadhikrtavagi,ಅನಧಿಕೃತವಾಗಿ,ಅನಧಿಕ್ಷವಾಗಿ
anagarika,ಅನಾಗರಿಕ,ಅನಗಾರಿಕ
anivaryavagittu,ಅನಿವಾರ್ಯವಾಗಿ,ಅನಿವರ್ಯವಾಗಿತ್ತು
anumathi,ಅನುಮತಿ,ಅನುಮಾತಿ
anumati,ಅನುಮತಿ,ಅನುಮಾತಿ
anumatiya,ಅನುಮತಿಯ,ಅನುಮಾತಿಯ
anumatiyillade,ಅನುಮತಿಯಿಲ್ಲದೆ,ಅನುಮಾತಿಯಲ್ಲಿದೆ
anuraag,ಅನುರಾಗ್,ಅನುರಾಗ
anurag,ಅನುರಾಗ್,ಅನುರಾಗ
anuraadhaa,ಅನುರಾಧಾ,ಅನುರಾಧ
anuradha,ಅನುರಾಧಾ,ಅನುರಾಧ
anvu,ಅನುವು,ಅನ್ವು
anvyika,ಅನ್ವಯಿಕ,ಆನ್ವಿಜ
apasamanya,ಅಪಸಾಮಾನ್ಯ,ಅಪಸಮಾನ್ಯ
apornavaagi,ಅಪೂರ್ಣವಾಗಿ,ಅಪರ್ಣವಾಗಿ
appaneyante,ಅಪ್ಪಣೆಯಂತೆ,ಅಪ್ಪಣೆಯನ್ಟು
afghaanistaanada,ಅಫ್ಘಾನಿಸ್ತಾನದ,ಆಫ್ಘಾನಿಸ್ಥಾನದ
afghanistanada,ಅಫ್ಘಾನಿಸ್ತಾನದ,ಆಫ್ಘಾನಿಸ್ಥಾನದ
abhayaaranya,ಅಭಯಾರಣ್ಯ,ಅಭಯಾರಣೆಯ
abhayaranya,ಅಭಯಾರಣ್ಯ,ಅಭಯಾರಣೆಯ
abipraayapaduttare,ಅಭಿಪ್ರಾಯಪಡುತ್ತಾರೆ,ಅಭಿಪ್ರಾಯಪಡುತ್ತವೆ
abiprayapaduttare,ಅಭಿಪ್ರಾಯಪಡುತ್ತಾರೆ,ಅಭಿಪ್ರಾಯಪಡುತ್ತವೆ
americeya,ಅಮೇರಿಕೆಯ,ಅಮೆರಿಕೆಯ
amerikeya,ಅಮೇರಿಕೆಯ,ಅಮೆರಿಕೆಯ
ariyada,ಅರಿಯದ,ಏರಿಯಾದ
ariyade,ಅರಿಯದೆ,ಆರಿಯಾದೆ
arivu,ಅರಿವು,ಅರಿವೂ
ariwu,ಅರಿವು,ಅರಿವೂ
arthar,ಅರ್ಥರ್,ಆರ್ಥರ್
arthur,ಅರ್ಥರ್,ಆರ್ಥರ್
alagu,ಅಲಗು,ಆಳಾಗು
alan,ಅಲನ್,ಅಲೆನ್
alarji,ಅಲರ್ಜಿ,ಅಲಾಸ್ಪಿ
alergy,ಅಲರ್ಜಿ,ಅಲೆರ್ಜಿ
allargy,ಅಲರ್ಜಿ,ಅಲ್ಲರ್ಗಿ
allergi,ಅಲರ್ಜಿ,ಅಲ್ಲಿರಲ್
allergy,ಅಲರ್ಜಿ,ಅಲ್ಲರ್ಗಿ
allerjy,ಅಲರ್ಜಿ,ಅಲ್ಲೆಸ್
aalloy,ಅಲಾಯ್,ಅಲ್ಲೆ
alloy,ಅಲಾಯ್,ಅಲ್ಲೆ
aloy,ಅಲಾಯ್,ಅಲ್ಲೆ
alavadisalagida,ಅಳವಡಿಸಲಾದ,ಅಳವಡಿಸಲಾಗಿದ
alavadisiuttaare,ಅಳವಡಿಸುವ,ಅಳವಡಿಸಿದಂತೆರೆ
alavadisiuwa,ಅಳವಡಿಸುವ,ಅಳವಡಿಸಿದರು
alawadisiuttaare,ಅಳವಡಿಸುವ,ಅಳವಡಿಸಿದಂತೆರೆ
alawadisiuwa,ಅಳವಡಿಸುವ,ಅಳವಡಿಸಿದರು
aluva,ಅಳುವ,ಆಳುವ
avataranikeya,ಅವತರಣಿಕೆಯ,ಅವತಾರಣಿಕೆಯ
avatharanikeya,ಅವತರಣಿಕೆಯ,ಅವತಾರಣಿಕೆಯ
avatarisi,ಅವತರಿಸಿ,ಅವತಾರಿಸಿ
avanathi,ಅವನತಿ,ಅವನಾಥಿ
avanati,ಅವನತಿ,ಅವನಾತಿ
avanathige,ಅವನತಿಗೆ,ಅವನಂತಿಗೆ
avanatige,ಅವನತಿಗೆ,ಅವನಂತಿಗೆ
avamaanakara,ಅವಮಾನಕರ,ಅವರಣಗಾರರ
avaru,ಅವರು,ಅವರೂ
avarugalu,ಅವರುಗಳೂ,ಅವರುಗಳು
averadoo,ಅವೆರಡೂ,ಆವರೆದಾ
averadu,ಅವೆರಡೂ,ಆವರೆದು
ashareeravaani,ಅಶರೀರವಾಣಿ,ಆಶರ್ಯವಾಗಿ
ashariravani,ಅಶರೀರವಾಣಿ,ಆಶರಿರವಾಗಿ
ashokana,ಅಶೋಕನ,ಆಚೋಕನ
ashokanige,ಅಶೋಕನಿಗೆ,ಆಚೋಖನಿಗೆ
ashok,ಅಶೋಕ್,ಅಚಾಕ್
ashvinee,ಅಶ್ವಿನೀ,ಆಶ್ವಿನಿ
ashvini,ಅಶ್ವಿನೀ,ಆಶ್ವಿನಿ
ashwinee,ಅಶ್ವಿನೀ,ಆಶ್ವಿನಿ
ashwini,ಅಶ್ವಿನೀ,ಆಶ್ವಿನಿ
ashvin,ಅಶ್ವಿನ್,ಆಶ್ವಿನ್
ashwin,ಅಶ್ವಿನ್,ಆಶ್ವಿನ್
aspashta,ಅಸ್ಪಷ್ಟ,ಅಸ್ಪಸ್ಥ
aspashate,ಅಸ್ಪಷ್ಟತೆ,ಅಸ್ಪಶತೆ
ahimsaathmaka,ಅಹಿಂಸಾತ್ಮಕ,ಅಭಿಮ್ಯಾಸಕ
ahimsatmaka,ಅಹಿಂಸಾತ್ಮಕ,ಅಭಿಮ್ರಾಂಕಾರ
ahibala,ಅಹೋಬಲ,ಅಭಿಯಲ
ahobala,ಅಹೋಬಲ,ಅಬೆಯಾಳ
angla,ಆಂಗ್ಲ,ಅಂಗ್ಲ
aangalara,ಆಂಗ್ಲರ,ಅಂಗಳಾರ
aanglara,ಆಂಗ್ಲರ,ಅಂಗ್ಲರ
anglara,ಆಂಗ್ಲರ,ಅಂಗ್ಲರ
aantie,ಆಂಟಿ,ಅಂತಿ
anti,ಆಂಟಿ,ಅಂತಿ
aunti,ಆಂಟಿ,ಅಂದ್ಸಿ
auntie,ಆಂಟಿ,ಅಂಟಿ
andrev,ಆಂಡ್ರೂ,ಆಂಡ್ರ್ಯೂ
andrew,ಆಂಡ್ರೂ,ಆಂಡ್ರ್ಯೂ
androo,ಆಂಡ್ರೂ,ಆಂದ್ರೋ
andru,ಆಂಡ್ರೂ,ಆಂದ್ರೋ
aakaragalannu,ಆಕರಗಳನ್ನು,ಆಕಾರಗಳನ್ನು
akaragalannu,ಆಕರಗಳನ್ನು,ಆಕಾರಗಳನ್ನು
aakaravannu,ಆಕರವನ್ನು,ಆಕಾರವನ್ನು
akaravannu,ಆಕರವನ್ನು,ಆಕಾರವನ್ನು
aakaravaagide,ಆಕರವಾಗಿದೆ,ಆಕಾರವಾಗಿದೆ
aakaravagide,ಆಕರವಾಗಿದೆ,ಆಕಾರವಾಗಿದೆ
akaravaagide,ಆಕರವಾಗಿದೆ,ಆಕಾರವಾಗಿದೆ
akaravagide,ಆಕರವಾಗಿದೆ,ಆಕಾರವಾಗಿದೆ
aakarshaneeyavaagi,ಆಕರ್ಷಣೀಯವಾಗಿ,ಆಕರ್ಷಣೆಯವಾಗಿ
aakarshhaneeyavaagi,ಆಕರ್ಷಣೀಯವಾಗಿ,ಆಕರ್ಷಣೆಯವಾಗಿ
akarshaneeyavaagi,ಆಕರ್ಷಣೀಯವಾಗಿ,ಆಕರ್ಷಣೆಯವಾಗಿ
aakrutimaa,ಆಕೃತಿಮಾ,ಆಕೃತಿಮ
akrutima,ಆಕೃತಿಮಾ,ಆಕೃತಿಮ
agabahudada,ಆಗಬಹುದಾದ,ಅಗಬಹುದಾದ
aagalee,ಆಗಲೀ,ಆಗಲೆ
agali,ಆಗಲೀ,ಆಗಲಿ
aaggagge,ಆಗ್ಗಾಗ್ಗೆ,ಆಗ್ಗಗ್ಗೆ
aggagge,ಆಗ್ಗಾಗ್ಗೆ,ಅಗ್ಗಗ್ಗೆ
ajnegalannu,ಆಜ್ಞೆಗಳನ್ನು,ಅಜ್ಞೆಗಳನ್ನು
adalaguttade,ಆಡಲಾಗುತ್ತದೆ,ಅಡಲಾಗುತ್ತದೆ
odd,ಆಡ್,ಓಡ್ಡ್
aadarshagalu,ಆದರ್ಶಗಳು,ಆದರ್ಷಗಳು
aadarshada,ಆದರ್ಶದ,ಆದರ್ಷದ
aadhaarasthamba,ಆಧಾರಸ್ತಂಭ,ಆಧಾರಸ್ತಾಂಬ
aadhaarasthambha,ಆಧಾರಸ್ತಂಭ,ಆಧಾರಸ್ಥಾಂತ
aanushangika,ಆನುಷಂಗಿಕ,ಆನುಶಾಜಿಕ
anushangika,ಆನುಷಂಗಿಕ,ಅನುಶಾಜಿಕ
aanline,ಆನ್ಲೈನ್,ಆಗ್ನಿನ್
anline,ಆನ್ಲೈನ್,ಅನ್ಲಿನ್
online,ಆನ್ಲೈನ್,ಒಂಜಿನ್
aanlinalli,ಆನ್ಲೈನ್ನಲ್ಲಿ,ಆಗಿನಲ್ಲಿ
aanlinnalli,ಆನ್ಲೈನ್ನಲ್ಲಿ,ಆಂಲಿನಲ್ಲಿ
anlinenalli,ಆನ್ಲೈನ್ನಲ್ಲಿ,ಆನಿಲಿನಲ್ಲಿ
onlinalli,ಆನ್ಲೈನ್ನಲ್ಲಿ,ಒನಿಲ್ನಲ್ಲಿ
onlinenalli,ಆನ್ಲೈನ್ನಲ್ಲಿ,ಒಣಿಲೆನ್ನಲ್ಲಿ
aapareeting,ಆಪರೇಟಿಂಗ್,ಆಪರೇಷಿಂಗ್
aapareting,ಆಪರೇಟಿಂಗ್,ಆಪರೇಷಿಗೆ
aapreting,ಆಪರೇಟಿಂಗ್,ಆಪ್ರೇಟಿಂಗ್
apreting,ಆಪರೇಟಿಂಗ್,ಅಪ್ರೇಟಿಂಗ್
opereting,ಆಪರೇಟಿಂಗ್,ಆಪರೇಷನ್
aapaadanege,ಆಪಾದನೆಗೆ,ಅಪಾಡನೆಗೆ
aapaadhanege,ಆಪಾದನೆಗೆ,ಅಪಾಧನೆಗೆ
aapaadaneyannu,ಆಪಾದನೆಯನ್ನು,ಅಪಾಧನೆಯನ್ನು
aapaadhaneyannu,ಆಪಾದನೆಯನ್ನು,ಅಪಾಧನೆಯನ್ನು
aftar,ಆಫ್ಟರ್,ಆಪ್ಟರ್
after,ಆಫ್ಟರ್,ಆಪ್ಟರ್
apthar,ಆಫ್ಟರ್,ಆಪ್ಟರ್
aabharanagala,ಆಭರಣಗಳ,ಆಧಾರಣಗಳ
abharanagala,ಆಭರಣಗಳ,ಅಭಾರಣಗಳ
aabhranagalannu,ಆಭರಣಗಳನ್ನು,ಆಭ್ರಣಗಳನ್ನು
abharanagalannu,ಆಭರಣಗಳನ್ನು,ಅಭಾರಣಗಳನ್ನು
aabharanagalannoo,ಆಭರಣಗಳನ್ನೂ,ಆಧಾರಣಗಳನ್ನೂ
abharanagalannu,ಆಭರಣಗಳನ್ನೂ,ಅಭಾರಣಗಳನ್ನು
aabharanagalige,ಆಭರಣಗಳಿಗೆ,ಆಧಾರಣಗಳಿಗೆ
abharanagalige,ಆಭರಣಗಳಿಗೆ,ಅಭಾರಣಗಳಿಗೆ
aabharanavannu,ಆಭರಣವನ್ನು,ಆಧಾರಣವನ್ನು
abharanavannu,ಆಭರಣವನ್ನು,ಅಭಾರಣವನ್ನು
amanthrana,ಆಮಂತ್ರಣ,ಅಮಂತ್ರಣ
amantrana,ಆಮಂತ್ರಣ,ಮಾನುಷ್ವಾಣ
amanthranavannu,ಆಮಂತ್ರಣವನ್ನು,ಮಾಂತ್ರಮವನ್ನು
amantranavannu,ಆಮಂತ್ರಣವನ್ನು,ಮಾನುಷ್ರಾಣವನ್ನು
amadu,ಆಮದು,ಅಮದು
aayudha,ಆಯುಧ,ಆಯುದ
ayudha,ಆಯುಧ,ಆಯುದ
aayudhagalannu,ಆಯುಧಗಳನ್ನು,ಆಯುದಾಗಳನ್ನು
ayudhagalannu,ಆಯುಧಗಳನ್ನು,ಆಯುದಾಗಳನ್ನು
aayudhagalinda,ಆಯುಧಗಳಿಂದ,ಆಯುದಾಗಲಿಂದ
ayudhagalinda,ಆಯುಧಗಳಿಂದ,ಆಯುದಾಗಳಿಂದ
aayudhada,ಆಯುಧದ,ಆಯುದಾದ
ayudhada,ಆಯುಧದ,ಆಯುದಾದ
ayudhadada,ಆಯುಧದ,ಆಯುದಾದದ
aaykegakannu,ಆಯ್ಕೆಗಳನ್ನು,ಆಯ್ಕೆಗಾಗನ್ನು
aaykagalalli,ಆಯ್ಕೆಗಳಲ್ಲಿ,ಆಯ್ಕಗಳಲ್ಲಿ
aaykegonda,ಆಯ್ಕೆಗೊಂಡ,ಆಯ್ಕೆಗಾಂಡ
aykegonda,ಆಯ್ಕೆಗೊಂಡ,ಆಯ್ಕೆಗಾಂಡ
aarkestraa,ಆರ್ಕೆಸ್ಟ್ರಾ,ಆರ್ಕ್ರಿಟರ್
orchestra,ಆರ್ಕೆಸ್ಟ್ರಾ,ಅರ್ಚೆಸ್ಟರ್
alochisida,ಆಲೋಚಿಸಿದ,ಅಲೋಚಿಸಿದ
alocisida,ಆಲೋಚಿಸಿದ,ಅಲೋಚಿಸಿದ
aloochisida,ಆಲೋಚಿಸಿದ,ಅಲೋಚಿಸಿದ
avashyaka,ಆವಶ್ಯಕ,ಅವಶ್ಯಕ
avashyakavada,ಆವಶ್ಯಕವಾದ,ಅವಶ್ಯಕವಾದ
aavishkaarakke,ಆವಿಷ್ಕಾರಕ್ಕೆ,ಆವಿಶ್ಕಾರಕ್ಕೆ
aaviskaarakke,ಆವಿಷ್ಕಾರಕ್ಕೆ,ಆವಿಸ್ಕಾರಕ್ಕೆ
avishkarakke,ಆವಿಷ್ಕಾರಕ್ಕೆ,ಅವಿಶ್ರಕ್ರಕೆ
aashayagalu,ಆಶಯಗಳು,ಆಶಾಯಗಳು
ashayagalu,ಆಶಯಗಳು,ಆಶಾಯಗಳು
aashayadinda,ಆಶಯದಿಂದ,ಆಶಾಯದಿಂದ
aashayavannu,ಆಶಯವನ್ನು,ಆಶಾಯವನ್ನು
ashayavannu,ಆಶಯವನ್ನು,ಆಶಾಯವನ್ನು
aashayavu,ಆಶಯವು,ಆಶಾಯವು
ashayavu,ಆಶಯವು,ಆಶಾಯವು
ashcharyada,ಆಶ್ಚರ್ಯದ,ಅಶ್ಚರ್ಯದ
aashcharyavendare,ಆಶ್ಚರ್ಯವೆಂದರೆ,ಆಶ್ಚರ್ಯವೆಯಾವಿವೆ
ashcharyavendare,ಆಶ್ಚರ್ಯವೆಂದರೆ,ಅಶ್ಚರ್ಯವೆಂದರೆ
aasaktaru,ಆಸಕ್ತರು,ಆಸಕ್ತರೂ
asaktaru,ಆಸಕ್ತರು,ಆಸಕ್ತರೂ
aasanagala,ಆಸನಗಳ,ಆಸಣಗಳ
asanagala,ಆಸನಗಳ,ಅಸಣಗಳ
asegalannu,ಆಸೆಗಳನ್ನು,ಅಸೆಗಳನ್ನು
asege,ಆಸೆಗೆ,ಅಸೆಗೆ
aseyannu,ಆಸೆಯನ್ನು,ಅಸೆಯನ್ನು
aseyinda,ಆಸೆಯಿಂದ,ಅಸೆಯಿಂದ
aastriya,ಆಸ್ಟ್ರಿಯ,ಆಸ್ಟ್ರೀಯ
austria,ಆಸ್ಟ್ರಿಯ,ಆಸ್ಟ್ರೀಯ
aastriya,ಆಸ್ಟ್ರಿಯಾ,ಆಸ್ಟ್ರೀಯ
aaustria,ಆಸ್ಟ್ರಿಯಾ,ಆಸ್ಟ್ರೀಯ
aaustriya,ಆಸ್ಟ್ರಿಯಾ,ಆಸ್ಟ್ರೀಯ
austria,ಆಸ್ಟ್ರಿಯಾ,ಆಸ್ಟ್ರೀಯ
austriya,ಆಸ್ಟ್ರಿಯಾ,ಆಸ್ಟ್ರೀಯ
engu,ಇಂಗು,ಎಂಗು
inchu,ಇಂಚು,ಇನ್ಚೂ
india,ಇಂಡಿಯ,ಇಂಡಿಯಾ
intahude,ಇಂತಹುದೇ,ಇಂಥೋಬೇದೆ
inthahude,ಇಂತಹುದೇ,ಇಂಥಹುದೇ
indriyagala,ಇಂದ್ರಿಯಗಳ,ಇಂದ್ರಿಯಾಗಳ
indriyagalu,ಇಂದ್ರಿಯಗಳು,ಇಂದ್ರಿಯಾಗಳು
ettigegala,ಇಟ್ಟಿಗೆಗಳ,ಎತ್ತಿಗೆಗಳ
ittigegela,ಇಟ್ಟಿಗೆಗಳ,ಇಟ್ಟಿಗೆಗಳು
idabahudu,ಇಡಬಹುದು,ಇದಬಹುದು
eduva,ಇಡುವ,ಎದುವ
iduva,ಇಡುವ,ಇದುವ
edli,ಇಡ್ಲಿ,ಎಡ್ಳಿ
iddli,ಇಡ್ಲಿ,ಇದ್ದಲ್
ettaru,ಇತ್ತರು,ಎತ್ತರು
ittaru,ಇತ್ತರು,ಇಟ್ಟರು
ettiichigina,ಇತ್ತೀಚಿಗಿನ,ಇತ್ತೀಚಿಕಿಂಳ
itteechigina,ಇತ್ತೀಚಿಗಿನ,ಇತ್ತೀಚಿಕಿಂಳ
ittichigina,ಇತ್ತೀಚಿಗಿನ,ಇತ್ತೀಚಿಕಿನ
ittembudu,ಇತ್ತೆಂಬುದು,ಇಟ್ಟುಬೊಂದು
inaamu,ಇನಾಮು,ಇನಾಮೂ
inamu,ಇನಾಮು,ಇನ್ಮೂ
innulida,ಇನ್ನುಳಿದ,ಇನ್ನುಲಿದ
ennoobbanige,ಇನ್ನೊಬ್ಬನಿಗೆ,ಎನ್ನೊಬ್ಬೆಣಿಗೆ
ennoobbara,ಇನ್ನೊಬ್ಬರ,ಎನ್ನೊಬ್ಬರ
innobbaru,ಇನ್ನೊಬ್ಬರು,ಇನ್ನೊಬ್ಬರೂ
ippattane,ಇಪ್ಪತ್ತನೆ,ಇಪ್ಪತ್ತನೇ
ippatthane,ಇಪ್ಪತ್ತನೆ,ಇಪ್ಪತ್ತನೇ
ear,ಇಯರ್,ಏರ್
iyar,ಇಯರ್,ಐಯಾರ್
year,ಇಯರ್,ಯೀರ್
yer,ಇಯರ್,ಏರ್
irakina,ಇರಾಕಿನ,ಇರಕಿನ
iligala,ಇಲಿಗಳ,ಇಳಿಗಳ
illa,ಇಲ್ಲ,ಎಲ್ಲಾ
illave,ಇಲ್ಲವೇ,ಇಲ್ಲವೆ
illasallada,ಇಲ್ಲಸಲ್ಲದ,ಇಲ್ಲಾಸಲ್ಲದ
illu,ಇಲ್ಲೂ,ಇಲ್ಲು
ille,ಇಲ್ಲೇ,ಇಲ್ಲೆ
ivarallaru,ಇವರೆಲ್ಲರು,ಇವರಲ್ಲೂರು
ivarellaru,ಇವರೆಲ್ಲರು,ಇವರೆಲ್ಲರೂ
ivarallaroo,ಇವರೆಲ್ಲರೂ,ಇವರಲ್ಲೂರು
ivellavu,ಇವೆಲ್ಲವು,ಇವೆಲ್ಲವೂ
ivellavugala,ಇವೆಲ್ಲವುಗಳ,ಇವೆಲ್ಲವಲ್ಕಾಲ
ivellavugalu,ಇವೆಲ್ಲವುಗಳು,ಇವೆಲ್ಲವೆಗಳು
israelina,ಇಸ್ರೇಲಿನ,ಇರ್ವೇಲಿನ
isrelina,ಇಸ್ರೇಲಿನ,ಇರ್ವೇಲಿನ
islaam,ಇಸ್ಲಾಮ್,ಇಸ್ಲಾಂ
islam,ಇಸ್ಲಾಮ್,ಇಸ್ಲಾಂ
eagle,ಈಗಲ್,ಏಗೆಲ್
egle,ಈಗಲ್,ಏಗ್ಲೆ
egypt,ಈಜಿಪ್ಟ್,ಈಜಿಪ್ತ್
ejypt,ಈಜಿಪ್ಟ್,ಈಜಿಪ್ತ್
eejiptna,ಈಜಿಪ್ಟ್ನ,ಈಜಿಪ್ತನ
egyptna,ಈಜಿಪ್ಟ್ನ,ಈಜಿಪ್ತಾನ
ejiptna,ಈಜಿಪ್ಟ್ನ,ಈಜಿಪ್ತನ
eeju,ಈಜು,ಈಗೂ
eju,ಈಜು,ಏಜು
iju,ಈಜು,ಈಗೂ
esopana,ಈಸೋಪನ,ಎಸಪ್ಮನ
isopana,ಈಸೋಪನ,ಇಸೋಪನಾ
undaadi,ಉಂಡಾಡಿ,ಉಂದಾದಿ
undadi,ಉಂಡಾಡಿ,ಉಂದಾದಿ
ugragaami,ಉಗ್ರಗಾಮಿ,ಉಗ್ರಗಮಿ
ugragami,ಉಗ್ರಗಾಮಿ,ಉಗ್ರಗಮಿ
ugragaamigalu,ಉಗ್ರಗಾಮಿಗಳು,ಉಗ್ರಗಮಿಗಳು
ugragamigalu,ಉಗ್ರಗಾಮಿಗಳು,ಉಗ್ರಗಮಿಗಳು
ugranada,ಉಗ್ರಾಣದ,ಉಗ್ರಣದ
ucchara,ಉಚ್ಚಾರ,ಉಚ್ಛಾರ
uchhaara,ಉಚ್ಚಾರ,ಉಚ್ಛಾರ
utta,ಉಟ್ಟ,ಉತ್ತ
uttu,ಉಟ್ಟು,ಉತ್ತು
uday,ಉದಯ್,ಉಡಯ್
uddimegalannu,ಉದ್ದಿಮೆಗಳನ್ನು,ಉದ್ದೇವಿಗಳನ್ನು
uddimegalalli,ಉದ್ದಿಮೆಗಳಲ್ಲಿ,ಉದ್ದೇವಿಗೆಲ್ಲಲ್
uddimegalu,ಉದ್ದಿಮೆಗಳು,ಉದ್ದೆಯುಗೆಗೆ
uddimege,ಉದ್ದಿಮೆಗೆ,ಉದ್ದಿಯನ್ನೇ
uddimeyannu,ಉದ್ದಿಮೆಯನ್ನು,ಉದ್ದಿಯನಿನೂ
upa,ಉಪ,ಉಪಾ
upakhanda,ಉಪಖಂಡ,ಉಪಕಾಂಡ
upakhandada,ಉಪಖಂಡದ,ಉಪಕಂಠದ
upanyaasakaraagi,ಉಪನ್ಯಾಸಕರಾಗಿ,ಉಪನ್ಯಾಸಕಾರಾಗಿ
upanyasakaragi,ಉಪನ್ಯಾಸಕರಾಗಿ,ಉಪನ್ಯಾಸಕ್ಕಾಗಿ
upanyasakarigagi,ಉಪನ್ಯಾಸಕರಾಗಿ,ಉಪನ್ಯಾಸಕರಿಗಾಗಿ
upama,ಉಪಮಾ,ಉಪಮ
upayogisuvaru,ಉಪಯೋಗಿಸುವರು,ಉಪಯೋಗಿಸುವವರು
uriya,ಉರಿಯ,ಊರಿಯ
uriyannu,ಉರಿಯನ್ನು,ಊರಿಯನ್ನು
uriyuttiruva,ಉರಿಯುತ್ತಿರುವ,ಊರಿಯುತ್ತಿರುವ
uriyuva,ಉರಿಯುವ,ಊರಿಯುವ
uriyuvudu,ಉರಿಯುವುದು,ಊರಿಯುವುದು
uriyoota,ಉರಿಯೂತ,ಉರಿಯೋಟ
uriyuta,ಉರಿಯೂತ,ಊರಿಯುತ
uriyootakke,ಉರಿಯೂತಕ್ಕೆ,ಉರಿಯುತಕ್ಕೆ
uriyutakke,ಉರಿಯೂತಕ್ಕೆ,ಊರಿಯುತಕ್ಕೆ
uriyootada,ಉರಿಯೂತದ,ಉರಿಯುತಾದ
uriyutada,ಉರಿಯೂತದ,ಉರಿಯುದಾದ
uruvalina,ಉರುವಲಿನ,ಉರುವಳಿನ
ullaala,ಉಳ್ಳಾಲ,ಉಲ್ಲಲ
ullala,ಉಳ್ಳಾಲ,ಉಳ್ಳಲ
uvacha,ಉವಾಚ,ಉವಚ
usiraaduva,ಉಸಿರಾಡುವ,ಉಸಿರಾದುವ
usiraduva,ಉಸಿರಾಡುವ,ಉಸಿರಾದುವ
udikondu,ಊದಿಕೊಂಡು,ಉದಿಕೊಂಡು
uligamaana,ಊಳಿಗಮಾನ,ಉಳಿಗಮಾನ
uligamana,ಊಳಿಗಮಾನ,ಉಳಿಗಮಾನ
rshigala,ಋಷಿಗಳ,ರೈಶಲಾ
rushigala,ಋಷಿಗಳ,ರುಷಿಗಳ
rshigalu,ಋಷಿಗಳು,ರೈಶಲ್ಲೂ
rushigalu,ಋಷಿಗಳು,ರುಷಿಗಳು
rshiya,ಋಷಿಯ,ರಿಷ್ಯ
rushiya,ಋಷಿಯ,ರುಷಿಯ
rshiyu,ಋಷಿಯು,ರಿಶಿಯು
rushiyu,ಋಷಿಯು,ರುಷಿಯು
mlc,ಎಂಎಲ್ಸಿ,ಮೈಜ್
enginiyarugalu,ಎಂಜಿನಿಯರುಗಳು,ಇಂಗಿನಿಯರುಗಳು
enjiniyarugalu,ಎಂಜಿನಿಯರುಗಳು,ಇಂಜಿನಿಯರುಗಳು
entarpraisas,ಎಂಟರ್ಪ್ರೈಸಸ್,ಎಂಟರ್ಪ್ರೇಯಸ್
enterprises,ಎಂಟರ್ಪ್ರೈಸಸ್,ಎಂಟರ್ಟ್ರೀಸ್
embantha,ಎಂಬಂಥ,ಎಂಬಂತ
eddelu,ಎದ್ದೇಳು,ಎಡ್ಡೆಲು
enargy,ಎನರ್ಜಿ,ಇಮಾಸ್ಜಿ
enarji,ಎನರ್ಜಿ,ಎಣರ್ಸಿ
energi,ಎನರ್ಜಿ,ಎನರ್ಗಿ
energy,ಎನರ್ಜಿ,ಯೆಮ್ರಾಲ್
enerjy,ಎನರ್ಜಿ,ಯೆಮ್ಸಿ
inirgy,ಎನರ್ಜಿ,ಇನಿರ್ಜಲ್
ema,ಎಮ್ಮಾ,ಇಮಾ
emma,ಎಮ್ಮಾ,ಎಮ್ಮ
imma,ಎಮ್ಮಾ,ಇಮ್ಮ
electron,ಎಲೆಕ್ಟ್ರಾನ್,ಎಲೆಕ್ಟ್ಸ್
elektron,ಎಲೆಕ್ಟ್ರಾನ್,ಎಲೆಕ್ಟ್ಸ್
ilictron,ಎಲೆಕ್ಟ್ರಾನ್,ಎಲೆಕ್ಟ್ಸ್
ellavu,ಎಲ್ಲವು,ಎಲ್ಲವೂ
ello,ಎಲ್ಲೂ,ಎಲ್ಲೋ
ellu,ಎಲ್ಲೂ,ಎಲ್ಲು
elle,ಎಲ್ಲೇ,ಎಲ್ಲೆ
ekakalakke,ಏಕಕಾಲಕ್ಕೆ,ಏಕಾಕಲಕ್ಕೆ
ekadhina,ಏಕದಿನ,ಏಕಾದಿನ
ekadina,ಏಕದಿನ,ಏಕಾದಿನ
enaadaroo,ಏನಾದರೂ,ಎನದರೂ
enaadaru,ಏನಾದರೂ,ಎನಾದರೂ
enaadharoo,ಏನಾದರೂ,ಎನದರೂ
enadaru,ಏನಾದರೂ,ಎನದರು
april,ಏಪ್ರಿಲ್,ಅಪ್ರಿಲ್
epril,ಏಪ್ರಿಲ್,ಏರ್ಪಲ್
aaeronaautics,ಏರೋನಾಟಿಕ್ಸ್,ಆರುಮಾನಿಟ್ಸಿಕ್
aaronautics,ಏರೋನಾಟಿಕ್ಸ್,ಆರೋಮ್ಯುಟಿಕ್ಸ್
aeronaatics,ಏರೋನಾಟಿಕ್ಸ್,ಏರ್ಮೋಟಿಕಿಶ್
aeronautics,ಏರೋನಾಟಿಕ್ಸ್,ಏರ್ಮೋನೆಟ್ಸಿಕ್
aeroonautics,ಏರೋನಾಟಿಕ್ಸ್,ಏರುಂಬೇಕ್ಷಿಕ್
aelabahudu,ಏಳಬಹುದು,ಒಳಬಹುದು
elabahudu,ಏಳಬಹುದು,ಎಳಭಾಬುದು
ashyada,ಏಷ್ಯದ,ಏಷ್ಯಾದ
asiada,ಏಷ್ಯದ,ಏಷಿಯಾದ
eshyyaada,ಏಷ್ಯದ,ಏಶ್ಯಾದ
aiesai,ಐಎಸ್ಐ,ಐಯಾಸಿ
isi,ಐಎಸ್ಐ,ಇಸಿ
aipyaad,ಐಪ್ಯಾಡ್,ಐಫ್ಯಾಡ್
ipad,ಐಪ್ಯಾಡ್,ಐಪಾಡ್
aiyyar,ಐಯ್ಯರ್,ಅಯಿಯರ್
ayyar,ಐಯ್ಯರ್,ಅಯ್ಯರ್
ondugoodisuttade,ಒಂದುಗೂಡಿಸುತ್ತದೆ,ಒಂದುಕೊಳ್ಳುತ್ತದೆ
ondugudisuttade,ಒಂದುಗೂಡಿಸುತ್ತದೆ,ಒಂದುಕೊಳ್ಳುತ್ತದೆ
ombhattu,ಒಂಭತ್ತು,ಒಂಬತ್ತು
ottottigae,ಒಟ್ಟೊಟ್ಟಿಗೇ,ಒಟ್ಟುತ್ತಿಗೆ
ottottige,ಒಟ್ಟೊಟ್ಟಿಗೇ,ಒಟ್ಟುತ್ತಿಗೆ
otte,ಒತ್ತೆ,ಒಟ್ಟೆ
olampiks,ಒಲಿಂಪಿಕ್ಸ್,ಒಲಂಪಿಕ್ಸ್
olimpiks,ಒಲಿಂಪಿಕ್ಸ್,ಒಲಂಪಿಕ್ಸ್
olympics,ಒಲಿಂಪಿಕ್ಸ್,ಒಲಂಪಿಕ್ಸ್
oduva,ಓಡುವ,ಓದುವ
odidaru,ಓದಿದರು,ಓಡಿದರು
odidare,ಓದಿದರೆ,ಓಡಿದರೆ
odidaaga,ಓದಿದಾಗ,ಓಡಿದಾಗ
odidaga,ಓದಿದಾಗ,ಓಡಿದಾಗ
odide,ಓದಿದೆ,ಓಡಿದೆ
omaan,ಓಮನ್,ಒಮಾನ್
oman,ಓಮನ್,ಒಮಾನ್
kantheerava,ಕಂಠೀರವ,ಕಂತೀರವ
kanthirava,ಕಂಠೀರವ,ಕಂತಿರವ
computing,ಕಂಪ್ಯೂಟಿಂಗ್,ಕಾಂಪ್ಟಿಂಗ್
kamsana,ಕಂಸನ,ಕಂಪನ
kamsanannu,ಕಂಸನನ್ನು,ಕಂಪನನ್ನು
katu,ಕಟು,ಕತು
katuvaada,ಕಟುವಾದ,ಕಟ್ಟವಾದ
katuvada,ಕಟುವಾದ,ಕಟ್ಟವಾದ
kadatha,ಕಡತ,ಕಾದತ
kadatada,ಕಡತದ,ಕಾದಾಟದ
kadathada,ಕಡತದ,ಕಾದಾತದ
kadatanavannu,ಕಡತವನ್ನು,ಕಡಾತನವನ್ನು
kadatavannu,ಕಡತವನ್ನು,ಕಾದಾಟವನ್ನು
kadathavannu,ಕಡತವನ್ನು,ಕಾದತವನ್ನು
kadalateera,ಕಡಲತೀರ,ಕಡಲಾತಿರ
kadalatira,ಕಡಲತೀರ,ಕಾದಲಾತಿರ
kadalateerada,ಕಡಲತೀರದ,ಕಡಲಾತಿರಾದ
kadalatirada,ಕಡಲತೀರದ,ಕಾದಲಾತಿರದ
kadalu,ಕಡಲು,ಕಾಡಲು
kadale,ಕಡಲೆ,ಕಡಲೇ
kadave,ಕಡವೆ,ಕಡವೇ
dadidu,ಕಡಿದು,ದಾಡಿದು
kade,ಕಡೆ,ಕಾಡೆ
kadegalalli,ಕಡೆಗಳಲ್ಲಿ,ಕಾಡೆಗಳಲ್ಲಿ
kathe,ಕಥೆ,ಕತೆ
kathegalloo,ಕಥೆಗಳಲ್ಲೂ,ಕಥೆಗಳಿಗೆ
kathegalu,ಕಥೆಗಳೂ,ಕಥೆಗಳು
katheya,ಕಥೆಯ,ಕತೆಯ
katheyallina,ಕಥೆಯಲ್ಲಿನ,ಕಥೆಯಲಿಲ್ಲ
katheyu,ಕಥೆಯು,ಕತೆಯು
katheyoo,ಕಥೆಯೂ,ಕಥೆಯೋ
katheyu,ಕಥೆಯೂ,ಕತೆಯು
katheye,ಕಥೆಯೇ,ಕತೆಯೇ
katheyee,ಕಥೆಯೇ,ಕತೆಯೇ
kadan,ಕದನ,ಕಡನ್
kadana,ಕದನ,ಕಾದನ
kadanakke,ಕದನಕ್ಕೆ,ಕಾದನಕ್ಕೆ
kadanagala,ಕದನಗಳ,ಕಾದಣಗಳ
kadanada,ಕದನದ,ಕಾದನದ
kadanadalli,ಕದನದಲ್ಲಿ,ಕಾದನದಲ್ಲಿ
kadanavannu,ಕದನವನ್ನು,ಕಾದನವನ್ನು
kanakapurada,ಕನಕಪುರದ,ಕನಕಾಂದರದ
kabbina,ಕಬ್ಬಿಣ,ಕಬ್ಬಿನ
kabbinadinda,ಕಬ್ಬಿಣದಿಂದ,ಕಬ್ಬಿನದಿಂದ
commercial,ಕಮರ್ಶಿಯಲ್,ಕಾಮರ್ಸಿಲಿ
karadigala,ಕರಡಿಗಳ,ಕರಾಡಿಗಳ
karadigalu,ಕರಡಿಗಳು,ಕರಾಡಿಗಳು
karadiya,ಕರಡಿಯ,ಕರಾಡಿಯ
carrent,ಕರೆಂಟ್,ಕಾರ್ವೆಂಟ್
current,ಕರೆಂಟ್,ಕಾರ್ವೆಂಟ್
kurrent,ಕರೆಂಟ್,ಕರ್ಬೆಂಟ್
kareyuvaru,ಕರೆಯುವರು,ಕರೆಯುವವರು
kalaburagi,ಕಲಬುರಗಿ,ಕಲಾಬುರಾಗಿ
kalaburgi,ಕಲಬುರಗಿ,ಕಲಾಬುರಿಗೆ
kalburgi,ಕಲಬುರಗಿ,ಕಾಲುಬ್ರಾಗಿ
kalaathmaka,ಕಲಾತ್ಮಕ,ಕಾಲಾತ್ಮಕ
kalathmaka,ಕಲಾತ್ಮಕ,ಕಾಲತಾಕಾ
kalatmaka,ಕಲಾತ್ಮಕ,ಕಾಲತಕ್ಮ
kale,ಕಲೆ,ಕಾಳೆ
kalegala,ಕಲೆಗಳ,ಕಾಳೆಗಳ
kalegalalli,ಕಲೆಗಳಲ್ಲಿ,ಕಾಲೇಗಳಲ್ಲಿ
kaleyannu,ಕಲೆಯನ್ನು,ಕಾಲೆಯನ್ನು
kaleyalli,ಕಲೆಯಲ್ಲಿ,ಕಾಲೆಯಲ್ಲಿ
kaleyalli,ಕಲೆಯಲ್ಲೂ,ಕಾಲೆಯಲ್ಲಿ
kaleyallu,ಕಲೆಯಲ್ಲೂ,ಕಾಲೆಯಲ್ಲೂ
kaleyu,ಕಲೆಯೂ,ಕಲೆಯು
kaleye,ಕಲೆಯೇ,ಕಾಳೆಯೇ
caalcuttaa,ಕಲ್ಕತ್ತಾ,ಕಾಲ್ಮುತ್ತಾ
calcatta,ಕಲ್ಕತ್ತಾ,ಕಲ್ಕತ್ತ
calcutta,ಕಲ್ಕತ್ತಾ,ಕಲ್ಕತ್ತ
kalkatta,ಕಲ್ಕತ್ತಾ,ಕಲ್ಕತ್ತ
kalkattaa,ಕಲ್ಕತ್ತಾ,ಕಲ್ಕತ್ತ
kalkutta,ಕಲ್ಕತ್ತಾ,ಕಲ್ಕೊಟ್ಟ
caltaral,ಕಲ್ಚರಲ್,ಕ್ಯಾಲ್ಟರಲ್
cultural,ಕಲ್ಚರಲ್,ಕ್ಲುಟ್ರಾಲ್
kalcharal,ಕಲ್ಚರಲ್,ಕಲ್ಚಾರಲ್
kultural,ಕಲ್ಚರಲ್,ಕುಲ್ಟುಪಲ್
caltare,ಕಲ್ಚರ್,ಕ್ಯಾಲರಾ
culture,ಕಲ್ಚರ್,ಕ್ಲುಟರ್
kulture,ಕಲ್ಚರ್,ಕುಳ್ತುರೆ
kallugalinda,ಕಲ್ಲುಗಳಿಂದ,ಕಾಳ್ಳುಗಳಿಂದ
kallugalu,ಕಲ್ಲುಗಳೂ,ಕಾಳ್ಳುಗಳು
kalape,ಕಳಪೆ,ಕಲಪೆ
kalingada,ಕಳಿಂಗದ,ಕಾಳಿಂಗದ
kaleya,ಕಳೆಯ,ಕಲೆಯ
kaleyalu,ಕಳೆಯಲು,ಕಲೆಯಲು
kaleyinda,ಕಳೆಯಿಂದ,ಕಾಳೆಯಿಂದ
kallatana,ಕಳ್ಳತನ,ಕಲ್ಲತನ
kallathana,ಕಳ್ಳತನ,ಕಲ್ಲತನ
kallatanadinda,ಕಳ್ಳತನದಿಂದ,ಕಲ್ಲತನದಿಂದ
kallathanadinda,ಕಳ್ಳತನದಿಂದ,ಕಾಲ್ಲತನದಿಂದ
kallatanavannu,ಕಳ್ಳತನವನ್ನು,ಕಲ್ಲತನವನ್ನು
kallathanavannu,ಕಳ್ಳತನವನ್ನು,ಕಾಲ್ಲತನವನ್ನು
kavichakravarthy,ಕವಿಚಕ್ರವರ್ತಿ,ಕವಿಕಾಶಕ್ರವೇದ
kavichakravarti,ಕವಿಚಕ್ರವರ್ತಿ,ಕವಿಕಾಶಕರ್ವಿದೆ
kavitegalalli,ಕವಿತೆಗಳಲ್ಲಿ,ಕವಿತಿಗಳಲ್ಲಿ
kavithegalalli,ಕವಿತೆಗಳಲ್ಲಿ,ಕವಿತಿಗಳಲ್ಲಿ
kaviteyalli,ಕವಿತೆಯಲ್ಲಿ,ಕವಿತಿಯಲ್ಲಿ
kavitheyalli,ಕವಿತೆಯಲ್ಲಿ,ಕವಿತಿಯಲ್ಲಿ
kavirathna,ಕವಿರತ್ನ,ಕವಿರತನ
kaviratna,ಕವಿರತ್ನ,ಕವಿರಾಂತ
kasaayikhaanegalannu,ಕಸಾಯಿಖಾನೆಗಳನ್ನು,ಕಾಶಾಯಿಕಾಶಗಳನ್ನು
kasayikhanegalannu,ಕಸಾಯಿಖಾನೆಗಳನ್ನು,ಕಾಸಾಯಿಕೆಶಗಳನ್ನು
kasubu,ಕಸುಬು,ಕಸುಬೂ
cantinentl,ಕಾಂಟಿನೆಂಟಲ್,ಕಂಟಿನಿಂಟಲ್
continental,ಕಾಂಟಿನೆಂಟಲ್,ಕಾಂಟಿನಿಂಟಲ್
kantinental,ಕಾಂಟಿನೆಂಟಲ್,ಕಾಂಟಿನಿಂತಲ್
kontinental,ಕಾಂಟಿನೆಂಟಲ್,ಕೊಂಟಿನಿಂತಲ್
kacha,ಕಾಚ,ಕಚ
kanigeyannu,ಕಾಣಿಕೆಯನ್ನು,ಕಾಣಿಗೆಯನ್ನು
kaadu,ಕಾದು,ಕಾಡು
kadu,ಕಾದು,ಕಾಡು
kaanoougalalli,ಕಾನೂನುಗಳಲ್ಲಿ,ಕಾನೂಗುಳಲ್ಲಿ
kanunugalu,ಕಾನೂನುಗಳು,ಕಾಣೂನುಗಳು
comic,ಕಾಮಿಕ್,ಕಮಿಕ್
kaamik,ಕಾಮಿಕ್,ಕ್ಯಾಮಿಕ್
kamik,ಕಾಮಿಕ್,ಕ್ಯಾಮಿಕ್
komik,ಕಾಮಿಕ್,ಕಮಿಕ್
kaayideyadiyalli,ಕಾಯಿದೆಯಡಿಯಲ್ಲಿ,ಕಾಯಿದೆಯದಿಯಲ್ಲಿ
kayideyadiyalli,ಕಾಯಿದೆಯಡಿಯಲ್ಲಿ,ಕಾಯಿದೆಯದಿಯಲ್ಲಿ
kaarakhaane,ಕಾರಖಾನೆ,ಕಾರಖನೆ
kaarakhane,ಕಾರಖಾನೆ,ಕಾರಖನೆ
karakhaane,ಕಾರಖಾನೆ,ಕಾರಖನೆ
karakhane,ಕಾರಖಾನೆ,ಕಾರಖನೆ
cargo,ಕಾರ್ಗೊ,ಕಾರ್ಗೋ
kaargo,ಕಾರ್ಗೊ,ಕಾರ್ಗೋ
cartar,ಕಾರ್ಟರ್,ಕ್ಯಾರಟ್
carter,ಕಾರ್ಟರ್,ಕ್ಯಾರ್ಟರ್
kartar,ಕಾರ್ಟರ್,ಕರ್ಟರ್
karter,ಕಾರ್ಟರ್,ಕ್ಯಾರ್ಟರ್
karthik,ಕಾರ್ತಿಕ,ಕಾರ್ತೀಕ
karthika,ಕಾರ್ತಿಕ,ಕಾರ್ತೀಕ
caarbonaate,ಕಾರ್ಬೋನೇಟ್,ಕಾರ್ಬೊನೇಟ್
carbonate,ಕಾರ್ಬೋನೇಟ್,ಕಾರ್ಬೊನೇಟ್
carbonatee,ಕಾರ್ಬೋನೇಟ್,ಕಾರ್ಬೊನೇಟ್
carbonete,ಕಾರ್ಬೋನೇಟ್,ಕಾರ್ಬೊನೇಟ್
carboonate,ಕಾರ್ಬೋನೇಟ್,ಕಾರ್ಬೊನೇಟ್
kaarbonet,ಕಾರ್ಬೋನೇಟ್,ಕಾರ್ಬೊನೇಟ್
karbonate,ಕಾರ್ಬೋನೇಟ್,ಕರುಣಾಥೆ
kaaryagaaradalli,ಕಾರ್ಯಗಾರದಲ್ಲಿ,ಕಾರ್ಯಾಗಾರದಲ್ಲಿ
kaaryagaradalli,ಕಾರ್ಯಗಾರದಲ್ಲಿ,ಕಾರ್ಯಾಗಾರದಲ್ಲಿ
karyagaaradalli,ಕಾರ್ಯಗಾರದಲ್ಲಿ,ಕಾರ್ಯಾಗಾರದಲ್ಲಿ
karyagaradalli,ಕಾರ್ಯಗಾರದಲ್ಲಿ,ಕಾರ್ಯಾಗಾರದಲ್ಲಿ
kaaryadarshigalaagi,ಕಾರ್ಯದರ್ಶಿಗಳಾಗಿ,ಕಾರ್ಯವರ್ಧಿಗಳು
karyadarshigalagi,ಕಾರ್ಯದರ್ಶಿಗಳಾಗಿ,ಕಾರ್ಯದರ್ಶಿಗಳಿಗೆ
karyadarsigalagi,ಕಾರ್ಯದರ್ಶಿಗಳಾಗಿ,ಕಾರ್ಯಾಧರಿಸಲಾಗಿ
karyadarsigalu,ಕಾರ್ಯದರ್ಶಿಗಳು,ಕಾರ್ಯಾಧರಿಸಲು
karyadarsiyagi,ಕಾರ್ಯದರ್ಶಿಯಾಗಿ,ಕಾರ್ಯವರ್ಯತೆಯಾಗಿ
kaaryaalayadalli,ಕಾರ್ಯಾಲಯದಲ್ಲಿ,ಕಾರ್ಯಾಯದಲಾಲಿ
karyaalayadalli,ಕಾರ್ಯಾಲಯದಲ್ಲಿ,ಕಾರ್ಯಾಯದಲಾಲಿ
karyalayadalli,ಕಾರ್ಯಾಲಯದಲ್ಲಿ,ಕಾರ್ಯಾಯದಲಾಲಿ
kaalaalu,ಕಾಲಾಳು,ಕಾಲಲು
kalalu,ಕಾಲಾಳು,ಕಾಲಲು
kaali,ಕಾಲಿ,ಕಾಳಿ
kaalinalli,ಕಾಲಿನಲ್ಲಿ,ಕಾಳಿನಲ್ಲಿ
kalinalli,ಕಾಲಿನಲ್ಲಿ,ಕಾಳಿನಲ್ಲಿ
kaalagakke,ಕಾಳಗಕ್ಕೆ,ಕಾಲಗಕ್ಕೆ
kalagakke,ಕಾಳಗಕ್ಕೆ,ಕಾಲಗಕ್ಕೆ
kaalagada,ಕಾಳಗದ,ಕಾಲಗಾದ
kalagada,ಕಾಳಗದ,ಕಾಲಗಾದ
kaalagadalli,ಕಾಳಗದಲ್ಲಿ,ಕಾಲಗಳಲ್ಲಿ
kalagadalli,ಕಾಳಗದಲ್ಲಿ,ಕಾಲಗದಲ್ಲಿ
kavu,ಕಾವು,ಕವು
kaaveri,ಕಾವೇರಿ,ಕಾರ್ಬರಿ
kaveri,ಕಾವೇರಿ,ಕವರಿ
kaasaragodina,ಕಾಸರಗೋಡಿನ,ಕಾಸರಗಳಿಂದ
kasaragodina,ಕಾಸರಗೋಡಿನ,ಕಸಾರಗಳಿಂದ
kaasaragoodu,ಕಾಸರಗೋಡು,ಕಾಸರಾಗುದು
kasaragodu,ಕಾಸರಗೋಡು,ಕಸರಗಳು
caste,ಕಾಸ್ಟ್,ಕಷ್ಟೆ
cost,ಕಾಸ್ಟ್,ಕೋಸ್ಟ್
kidnei,ಕಿಡ್ನಿ,ಕಿಡಿನಿ
kidni,ಕಿಡ್ನಿ,ಕಿಡಿನಿ
kilogram,ಕಿಲೋಗ್ರಾಂ,ಕಿಲಾಮುರ್ಕ್
kili,ಕೀಲಿ,ಕಿಳಿ
kiligalannu,ಕೀಲಿಗಳನ್ನು,ಕಿಳಿಗಳನ್ನು
kilina,ಕೀಲಿನ,ಕಿಲಿನ
kudida,ಕುಡಿದ,ಕೂಡಿದ
kudidare,ಕುಡಿದರೆ,ಕೂಡಿದ್ದಾರೆ
kudidu,ಕುಡಿದು,ಕೂಡಿದು
kumta,ಕುಮಟ,ಕುಂತ
kuruda,ಕುರುಡ,ಕುರುದ
kurudara,ಕುರುಡರ,ಕುರುದಾರ
kuruhugala,ಕುರುಹುಗಳ,ಕುರುಬೆಗಳ
kushalakarmi,ಕುಶಲಕರ್ಮಿ,ಕುಶಲಕಾರ್ಮಿ
kushalakarmigalu,ಕುಶಲಕರ್ಮಿಗಳು,ಕುಶಲಕರಿಗಳು
koodaleleya,ಕೂದಲೆಳೆಯ,ಕೂಡಲೆಯಲ್ಲ
kudaleleya,ಕೂದಲೆಳೆಯ,ಕೂಡಲೆಯಲ್ಲೇ
koorisi,ಕೂರಿಸಿ,ಕೋರಿಸಿ
kurisi,ಕೂರಿಸಿ,ಕುರಿಸಿ
kratajnate,ಕೃತಜ್ಞತೆ,ಕ್ರಾಥನಾಟ್ಜೆ
krutagnate,ಕೃತಜ್ಞತೆ,ಕೃತುಗಾಂತೆ
krutagnathe,ಕೃತಜ್ಞತೆ,ಕೃತುಗಾಂತೆ
krutajnate,ಕೃತಜ್ಞತೆ,ಕೃತನ್ಜಾಂಡೆ
kruthagnate,ಕೃತಜ್ಞತೆ,ಕೃತುಗಾಂತೆ
kruthagnathe,ಕೃತಜ್ಞತೆ,ಕೃತುಗಾಂತೆ
kratajnateya,ಕೃತಜ್ಞತೆಯ,ಕ್ರಾತನಾಟನೆಯ
krutagnateya,ಕೃತಜ್ಞತೆಯ,ಕೃತಗಾಂಶಲ
krutagnatheya,ಕೃತಜ್ಞತೆಯ,ಕೃತಗೊಂಡನ
krutajnateya,ಕೃತಜ್ಞತೆಯ,ಕೃತನ್ಜಾಶನ
kruthagnateya,ಕೃತಜ್ಞತೆಯ,ಕೃತಗಾಂಶಲ
kruthagnatheya,ಕೃತಜ್ಞತೆಯ,ಕೃತಗೊಂಶಲ
kratajnateyannu,ಕೃತಜ್ಞತೆಯನ್ನು,ಕ್ರಾತನಾಟನೆಯ
krutagnateyannu,ಕೃತಜ್ಞತೆಯನ್ನು,ಕೃತಗೊಂಡನೆಯ
krutagnatheyannu,ಕೃತಜ್ಞತೆಯನ್ನು,ಕೃತಗೊಂಡನೆಯ
krutajnateyannu,ಕೃತಜ್ಞತೆಯನ್ನು,ಕೃತನ್ಟಾನದೆನ
kruthagnateyannu,ಕೃತಜ್ಞತೆಯನ್ನು,ಕೃತಗತನ್ಯದೇ
kruthagnatheyannu,ಕೃತಜ್ಞತೆಯನ್ನು,ಕೃತಗೊಂಡನೆಯ
kratajnateyinda,ಕೃತಜ್ಞತೆಯಿಂದ,ಕ್ರತ್ಯಾಂತನಿಯಿದ
krutagnateyinda,ಕೃತಜ್ಞತೆಯಿಂದ,ಕೃತುಗಣಿಸಲೇವ
krutagnatheyinda,ಕೃತಜ್ಞತೆಯಿಂದ,ಕೃತಗಳಂತೆಯೇದ
krutajnateyinda,ಕೃತಜ್ಞತೆಯಿಂದ,ಕೃತನ್ನತೆಯಿಂದ
kruthagnateyinda,ಕೃತಜ್ಞತೆಯಿಂದ,ಕೃತುಗಣಿಸಲಿವೆ
kruthagnatheyinda,ಕೃತಜ್ಞತೆಯಿಂದ,ಕೃತುಗಣಿಸಲಿವೆ
krutya,ಕೃತ್ಯ,ಕೃತಿಯ
krutyagalannu,ಕೃತ್ಯಗಳನ್ನು,ಕೃತಿಗಳನ್ನು
krutyavu,ಕೃತ್ಯವು,ಕೃತಿಯವು
krishnamurthyavara,ಕೃಷ್ಣಮೂರ್ತಿಯವರ,ಕೃಷ್ಣಮೂರ್ವೇತರ
krsnamurtiyavara,ಕೃಷ್ಣಮೂರ್ತಿಯವರ,ಕೃಷ್ಣಮೂರ್ವಿಯಾದ
krishnamurthyavaru,ಕೃಷ್ಣಮೂರ್ತಿಯವರು,ಕೃಷ್ಣಮೂರ್ವರನ್ನರು
krsnamurtiyavaru,ಕೃಷ್ಣಮೂರ್ತಿಯವರು,ಕೃಷ್ಣಮೂರ್ವಿಯಾದರು
cadet,ಕೆಡೆಟ್,ಕಡೆತ್
canadan,ಕೆನಡಿಯನ್,ಕೆನಡಾನ್
canadian,ಕೆನಡಿಯನ್,ಕ್ಯಾನಿಡನ್
kanadian,ಕೆನಡಿಯನ್,ಕನಾದಿನ
kelavade,ಕೆಲವೆಡೆ,ಕೆಲವಾಡೆ
kelavede,ಕೆಲವೆಡೆ,ಕೆಲವೇಡೆ
kelavedegalalli,ಕೆಲವೆಡೆಗಳಲ್ಲಿ,ಕೆಲವೆದೆಗಳಲ್ಲಿ
kelavomme,ಕೆಲವೊಮ್ಮೆ,ಕೆಲವನ್ನೂ
kelabhaaga,ಕೆಳಭಾಗ,ಕೆಲಭಾಗ
kelabhaga,ಕೆಳಭಾಗ,ಕೆಲಭಾಗ
kelabhaagadalli,ಕೆಳಭಾಗದಲ್ಲಿ,ಕೆಲಭಾಗದಲ್ಲಿ
kelabhagadalli,ಕೆಳಭಾಗದಲ್ಲಿ,ಕೆಲಭಾಗದಲ್ಲಿ
kelebhagadali,ಕೆಳಭಾಗದಲ್ಲಿ,ಕೇಳೆಹಾಟಗಳಲ್ಲಿ
kelabhaagadinda,ಕೆಳಭಾಗದಿಂದ,ಕೆಲಭಾಗದಿಂದ
kelabhaagavannu,ಕೆಳಭಾಗವನ್ನು,ಕೆಲಭಾಗವನ್ನು
kelabhagavannu,ಕೆಳಭಾಗವನ್ನು,ಕೆಲಭಾಗವನ್ನು
kedu,ಕೇಡು,ಕೆದು
cafe,ಕೇಪ್,ಕೇಸ್
kape,ಕೇಪ್,ಕಪೆ
kef,ಕೇಪ್,ಕೀಪ್
qape,ಕೇಪ್,ಕಪೆ
keshav,ಕೇಶವ,ಕೇಶವು
kesari,ಕೇಸರಿ,ಕೆಸರಿ
kesariya,ಕೇಸರಿಯ,ಕೆಸರಿಯ
kaigaarikodyami,ಕೈಗಾರಿಕೋದ್ಯಮಿ,ಕೈಗಾರಿಕೊಡ್ಯಮಿ
kaigaarikoodyami,ಕೈಗಾರಿಕೋದ್ಯಮಿ,ಕೈಗಾರಿಕೊಡ್ಯಮಿ
kaigarikodyami,ಕೈಗಾರಿಕೋದ್ಯಮಿ,ಕೈಗಾರಿಕಾದ್ಯಮಿ
kaigarikoodyami,ಕೈಗಾರಿಕೋದ್ಯಮಿ,ಕೈಗಾರಿಕೊಡ್ಯಮಿ
kaivara,ಕೈವಾರ,ಕೈವರ
kaiwara,ಕೈವಾರ,ಕೈವರ
kolambiyaada,ಕೊಲಂಬಿಯಾದ,ಕೊಳಂಬಿಯಾದ
kolambiyada,ಕೊಲಂಬಿಯಾದ,ಕೊಳಂಬಿಯಾದ
kolumbiyada,ಕೊಲಂಬಿಯಾದ,ಕೊಳುಮಿಬೆಯ
kollabeeku,ಕೊಳ್ಳಬೇಕು,ಕೊಲ್ಲಬೇಕು
kollabeku,ಕೊಳ್ಳಬೇಕು,ಕೊಲ್ಲಬೇಕು
kolle,ಕೊಳ್ಳೆ,ಕೊಲ್ಲೆ
codaed,ಕೋಡೆಡ್,ಕೋಡಾಡ್
coded,ಕೋಡೆಡ್,ಕೋಡ್ಡ್
kodaed,ಕೋಡೆಡ್,ಕೊಡಲ್ಡ್
koded,ಕೋಡೆಡ್,ಕೋಡದ್
kolkata,ಕೋಲ್ಕತಾ,ಕೊಲ್ಕಟ
kolkataa,ಕೋಲ್ಕತಾ,ಕೊಲ್ಕಟ
kolkatta,ಕೋಲ್ಕತಾ,ಕೊಲ್ಕತ್ತಾ
kolkata,ಕೋಲ್ಕತ್ತಾ,ಕೊಲ್ಕಟ
kolkatta,ಕೋಲ್ಕತ್ತಾ,ಕೊಲ್ಕತ್ತಾ
kolkotta,ಕೋಲ್ಕತ್ತಾ,ಕೊಲ್ಕತ್ತ
kolkataada,ಕೋಲ್ಕತ್ತಾದ,ಕೊಲ್ಕಟಾದ
kolkatada,ಕೋಲ್ಕತ್ತಾದ,ಕೊಲ್ಕಟಾದ
kolkattada,ಕೋಲ್ಕತ್ತಾದ,ಕೊಲ್ಕತ್ತದ
kolkottada,ಕೋಲ್ಕತ್ತಾದ,ಕೊಲ್ಕೊತ್ತದ
campinalli,ಕ್ಯಾಂಪಿನಲ್ಲಿ,ಕಂಪಿನಲ್ಲಿ
caadmium,ಕ್ಯಾಡ್ಮಿಯಂ,ಕ್ಯಾಬ್ಬಿಯಂ
cadmiam,ಕ್ಯಾಡ್ಮಿಯಂ,ಕ್ಯಾಬಿಯನ್
cadmium,ಕ್ಯಾಡ್ಮಿಯಂ,ಕ್ಯಾಬ್ಬಿಯಂ
kadmium,ಕ್ಯಾಡ್ಮಿಯಂ,ಕಡ್ಮಿಯಂ
catholic,ಕ್ಯಾಥೋಲಿಕ್,ಕ್ಯಾಥೊಲಿಕ್
kapital,ಕ್ಯಾಪಿಟಲ್,ಕಪಿತಲ್
caelorie,ಕ್ಯಾಲೊರಿ,ಕ್ಯಾಲರಿ
calorie,ಕ್ಯಾಲೊರಿ,ಕ್ಯಾಲರಿ
kalorie,ಕ್ಯಾಲೊರಿ,ಕಲರಿ
kube,ಕ್ಯೂಬ್,ಕೂಬೆ
kridkaranakke,ಕ್ರೋಢೀಕರಣಕ್ಕೆ,ಕ್ರೀತರಣಕ್ಕೆ
krodhikaranakke,ಕ್ರೋಢೀಕರಣಕ್ಕೆ,ಕ್ರೋಢೀಕಾರಕನ್ಕೆ
clishtakaravada,ಕ್ಲಿಷ್ಟಕರವಾದ,ಕ್ಲಿತ್ಸಕ್ರರಾದ
klishtakaravada,ಕ್ಲಿಷ್ಟಕರವಾದ,ಕ್ಲಿತ್ಸಕ್ರರಾದ
klisthakaravaada,ಕ್ಲಿಷ್ಟಕರವಾದ,ಕ್ಲಿತ್ಸಕ್ರರಾದ
qaarter,ಕ್ವಾರ್ಟರ್,ಕ್ಯಾರ್ಟರ್
quater,ಕ್ವಾರ್ಟರ್,ಕೂಟರ್
kshema,ಕ್ಷೇಮ,ಕ್ಷೀಮ
khaadi,ಖಾದಿ,ಖಾಡಿ
khadi,ಖಾದಿ,ಖಾಡಿ
khyaativetta,ಖ್ಯಾತಿವೆತ್ತ,ಖ್ಯಾತಿವೇಟ್ಟ
khyaativetti,ಖ್ಯಾತಿವೆತ್ತ,ಖ್ಯಾಥಿವೆಟ್ಟಿ
khyativetta,ಖ್ಯಾತಿವೆತ್ತ,ಖ್ಯಾತಿವೇಟ್ಟ
gandumakkala,ಗಂಡುಮಕ್ಕಳ,ಗಂಡುಕಂಠಲ
gandumakkalu,ಗಂಡುಮಕ್ಕಳು,ಗಂಡುಕಟ್ಗಾಗಿ
gada,ಗಡ,ಗಾಢ
gadasutana,ಗಡಸುತನ,ಗಡಸುಪ್ಘನ
geddugege,ಗದ್ದುಗೆಗೆ,ಗೆದ್ದುಗಳು
girls,ಗರ್ಲ್ಸ್,ಗಿರಿಂಸ್
gasthu,ಗಸ್ತು,ಗಂತು
gastu,ಗಸ್ತು,ಗಾಸ್ತು
gaanja,ಗಾಂಜಾ,ಗಂಜ
ganja,ಗಾಂಜಾ,ಗಂಜ
ganjaa,ಗಾಂಜಾ,ಗಂಜಾ
ganza,ಗಾಂಜಾ,ಗಂಜ
gandhiyavarannu,ಗಾಂಧಿಯವರನ್ನು,ಗಂಧೀಯವರನ್ನು
gandhiyavarige,ಗಾಂಧಿಯವರಿಗೆ,ಗಂಧಿಯವರಿಗೆ
gandhiyavara,ಗಾಂಧಿಯವರು,ಗಂಧೀಯವರ
gandhiyavaru,ಗಾಂಧಿಯವರು,ಗಂಧೀಯವರು
gandhijiyavara,ಗಾಂಧೀಜಿಯವರ,ಗಂಧಿಜಿಯವರ
gaanakke,ಗಾಣಕ್ಕೆ,ಗಣಕ್ಕೆ
ganakke,ಗಾಣಕ್ಕೆ,ಗಣಕ್ಕೆ
gaayagondu,ಗಾಯಗೊಂಡು,ಗಾಯಗೊಂದು
gayagondu,ಗಾಯಗೊಂಡು,ಗಾಯಗೊಂದು
gidamoolike,ಗಿಡಮೂಲಿಕೆ,ಗಿಡುಮಾಲಿಕೆ
gidamulike,ಗಿಡಮೂಲಿಕೆ,ಗಿಡುಮಾಗಿಯೂ
gidamuulike,ಗಿಡಮೂಲಿಕೆ,ಗಿಡುಮಾಗಿಯಿ
gidagu,ಗಿಡುಗ,ಗಿಡಗು
gidda,ಗಿಡ್ಡ,ಗಿದ್ದ
giunness,ಗಿನ್ನಿಸ್,ಗಿನ್ನೆಸ್
guinness,ಗಿನ್ನಿಸ್,ಗಿನ್ಸೆಸ್
geegee,ಗೀಗೀ,ಗೀಜಿ
geegi,ಗೀಗೀ,ಗೀಗಿ
gigi,ಗೀಗೀ,ಗಿಗಿ
gilina,ಗೀಳಿನ,ಗಿಲಿನ
guna,ಗುಣಾ,ಗುಣ
gubbachchi,ಗುಬ್ಬಚ್ಚಿ,ಗುಬ್ಬಚಿ
gubbachhi,ಗುಬ್ಬಚ್ಚಿ,ಗುಬ್ಬಚಿ
gubbhachhi,ಗುಬ್ಬಚ್ಚಿ,ಗುಭ್ಭಾಚಿ
gulle,ಗುಳ್ಳೆ,ಗುಲ್ಲೆ
guhegala,ಗುಳ್ಳೆಗಳ,ಗುಹೆಗಳ
gullegala,ಗುಳ್ಳೆಗಳ,ಗುಲ್ಲೆಗಳ
guha,ಗುಹಾ,ಗುಹ
gonu,ಗೂನು,ಗೊನು
goonu,ಗೂನು,ಗೋಣು
gunu,ಗೂನು,ಗೂಣು
gofi,ಗೂಫಿ,ಗೋಫಿ
goophi,ಗೂಫಿ,ಗೋಫಿ
guphi,ಗೂಫಿ,ಗುಚಿ
goorkha,ಗೂರ್ಖಾ,ಗೋರ್ಕ
gorkhaa,ಗೂರ್ಖಾ,ಗರ್ಕಾ
gurkha,ಗೂರ್ಖಾ,ಗುರ್ಕಾ
goli,ಗೂಳಿ,ಗೋಲಿ
gooli,ಗೂಳಿ,ಗೋಲಿ
guli,ಗೂಳಿ,ಗುಲಿ
goliya,ಗೂಳಿಯ,ಗೋಳಿಯ
gooliya,ಗೂಳಿಯ,ಗೋಲಿಯ
guliya,ಗೂಳಿಯ,ಗುಲಿಯ
goliyannu,ಗೂಳಿಯನ್ನು,ಗೋಳಿಯನ್ನು
gooliyannu,ಗೂಳಿಯನ್ನು,ಗೋಳಿಯನ್ನು
guliyannu,ಗೂಳಿಯನ್ನು,ಗುಲಿಯನ್ನು
geraalda,ಗೆರಾಲ್ಡ್,ಗೂರಲ್ದ
galileo,ಗೆಲಿಲಿಯೋ,ಗಳಿಲೆ
galileoo,ಗೆಲಿಲಿಯೋ,ಗಳಿಲೆ
gelileo,ಗೆಲಿಲಿಯೋ,ಗೆಲಿಲೆ
geliliyoo,ಗೆಲಿಲಿಯೋ,ಗೆಲಿಲಿಯ
geleya,ಗೆಳೆಯ,ಗೆಲೆಯ
gonditu,ಗೊಂಡಿತು,ಗೊಂದಿತು
gomukha,ಗೋಮುಖ,ಗೊಮುಖ
goomukha,ಗೋಮುಖ,ಗೊಂಕು
gooranti,ಗೋರಂಟಿ,ಗೌರಂತಿ
goranti,ಗೋರಂಟಿ,ಗೋರಂತಿ
golden,ಗೋಲ್ಡನ್,ಗೂಲ್ವೆನ್
goolden,ಗೋಲ್ಡನ್,ಗೂಲಿವನ್
grahakke,ಗ್ರಹಕ್ಕೆ,ಗ್ರಾಹಕ್ಕೆ
grahagala,ಗ್ರಹಗಳ,ಗ್ರಾಹಗಳ
grahagalannu,ಗ್ರಹಗಳನ್ನು,ಗ್ರಾಹಗಳನ್ನು
grahagalu,ಗ್ರಹಗಳು,ಗ್ರಾಹಗಳು
grahada,ಗ್ರಹದ,ಗ್ರಾಹದ
grahadalli,ಗ್ರಹದಲ್ಲಿ,ಗ್ರಾಹದಲ್ಲಿ
gree,ಗ್ರೇ,ಗ್ರೀ
grey,ಗ್ರೇ,ಗ್ರೀ
ghanaghora,ಘನಘೋರ,ಘನಗೋರ
ghanagora,ಘನಘೋರ,ಘನಗೂರ
chandrashekhar,ಚಂದ್ರಶೇಖರ,ಚಂದ್ರಶೇಖರ್
chandrashekhara,ಚಂದ್ರಶೇಖರ,ಚಂದ್ರಶಾಸ್ಕರ
chandrashekharan,ಚಂದ್ರಶೇಖರನ್,ಚಂದ್ರಶೇಖರ್ಕ್
chandrashekharana,ಚಂದ್ರಶೇಖರನ್,ಚಂದ್ರಭಾಸ್ಕರಣ
chakravartigala,ಚಕ್ರವರ್ತಿಗಳ,ಚಕ್ರವರಿತ್ಜಲ
chakravartige,ಚಕ್ರವರ್ತಿಗೆ,ಚಕ್ರವರಿತಲ್
chakravartiyaada,ಚಕ್ರವರ್ತಿಯಾದ,ಚಕ್ರವಾರ್ತಿಯಾದ
chakravartiyada,ಚಕ್ರವರ್ತಿಯಾದ,ಚಕ್ರವಾರ್ತಿಯಾದ
chakravarthiya,ಚಕ್ರವರ್ತಿಯು,ಚಕ್ರವಾರ್ತಿಯ
chakravartiyu,ಚಕ್ರವರ್ತಿಯು,ಚಕ್ರವರಿಸಿದೆ
chadhara,ಚದರ,ಚಧರ
chappadi,ಚಪ್ಪಡಿ,ಚಪ್ಪದಿ
chalavai,ಚಳವಳಿ,ಚಲಾವಿ
chalavali,ಚಳವಳಿ,ಚಲಾವಳಿ
chalavaligala,ಚಳವಳಿಗಳ,ಚಲಾವಳಿಗಳ
chalavaliya,ಚಳವಳಿಯು,ಚಲಾವಳಿಯ
chalavaliyu,ಚಳವಳಿಯು,ಚಲಾವಳಿಯು
chali,ಚಳಿ,ಚಾಲಿ
chaliyinda,ಚಳಿಯಿಂದ,ಚಾಲಿಯಿಂದ
chaati,ಚಾಟಿ,ಚಾತಿ
chati,ಚಾಟಿ,ಚಟಿ
chaancellar,ಚಾನ್ಸಲರ್,ಚಾನ್ಸೆಲರ್
chaancellor,ಚಾನ್ಸಲರ್,ಚಾನ್ಸೆಲರ್
chaanseller,ಚಾನ್ಸಲರ್,ಚಾನ್ಸೆಲರ್
chaansellor,ಚಾನ್ಸಲರ್,ಚಾನ್ಸೆಲರ್
chancellor,ಚಾನ್ಸಲರ್,ಚಾನ್ಸೆಲರ್
chancelor,ಚಾನ್ಸಲರ್,ಚಾನ್ಸೆಲರ್
chancesalor,ಚಾನ್ಸಲರ್,ಚೆಂಚೆಯಾಸ್
chansellor,ಚಾನ್ಸಲರ್,ಚಾನ್ಸೆಲರ್
charanada,ಚಾರಣದ,ಚರಣದ
chaaritrikavaagi,ಚಾರಿತ್ರಿಕವಾಗಿ,ಚರಿತ್ರಿಕವಾಗಿ
chaaritrikavagi,ಚಾರಿತ್ರಿಕವಾಗಿ,ಚರಿತ್ರಿಕವಾಗಿ
chaaritrkavaagi,ಚಾರಿತ್ರಿಕವಾಗಿ,ಚರಿತ್ರಕವಾಗಿ
charitrikavaagi,ಚಾರಿತ್ರಿಕವಾಗಿ,ಚರಿತ್ರಿಕವಾಗಿ
charitrikavagi,ಚಾರಿತ್ರಿಕವಾಗಿ,ಚರಿತ್ರಿಕವಾಗಿ
chihne,ಚಿಹ್ನೆ,ಚೀನಿ
chinhe,ಚಿಹ್ನೆ,ಚೀನಿ
chihnegala,ಚಿಹ್ನೆಗಳ,ಚೀನೆಗಳ
chinhegala,ಚಿಹ್ನೆಗಳ,ಚೀನಿಗಳ
chihnegalannu,ಚಿಹ್ನೆಗಳನ್ನು,ಚೀನೆಗಳನ್ನು
chinhegalannu,ಚಿಹ್ನೆಗಳನ್ನು,ಚೀನಿಗಳನ್ನು
chihneyaagi,ಚಿಹ್ನೆಯಾಗಿ,ಚಿನಿಯಾಗಿ
chihneyagi,ಚಿಹ್ನೆಯಾಗಿ,ಚಿನಿಯಾಗಿ
chinheyaagi,ಚಿಹ್ನೆಯಾಗಿ,ಚಿನಿಯಾಗಿ
chinheyagi,ಚಿಹ್ನೆಯಾಗಿ,ಚಿನಿಯಾಗಿ
cinheyagi,ಚಿಹ್ನೆಯಾಗಿ,ಸಿನಿಯಾಗಿ
chihneyu,ಚಿಹ್ನೆಯು,ಚೀನೆಯು
chinheyu,ಚಿಹ್ನೆಯು,ಚಿನ್ಯೆಯು
chendugalannu,ಚೆಂಡುಗಳನ್ನು,ಚೆಂದುಗಳನ್ನು
cetarikeya,ಚೇತರಿಕೆಯ,ಚೆತರಿಕೆಯ
chetarikeya,ಚೇತರಿಕೆಯ,ಚಿತಾರಿಕೆಯ
chota,ಚೋಟಾ,ಚೋಟ
cota,ಚೋಟಾ,ಚೋಟ
chandassina,ಛಂದಸ್ಸಿನ,ಚಂದಸ್ಸಿನ
jamping,ಜಂಪಿಂಗ್,ಜಮ್ಮಿಂಗ್
jumping,ಜಂಪಿಂಗ್,ಜುಂಪಿಂಗ್
zumping,ಜಂಪಿಂಗ್,ಜುಂಪಿಂಗ್
jategoodi,ಜತೆಗೂಡಿ,ಜಾತೆಗೂಡಿ
jategudi,ಜತೆಗೂಡಿ,ಜಾತೆಗೂಡಿ
janadattaneya,ಜನದಟ್ಟಣೆಯ,ಜನದತ್ತನೆಯ
jananaanga,ಜನನಾಂಗ,ಜನಾನಂಗ
janananga,ಜನನಾಂಗ,ಜನಾನಂಗ
jananaangada,ಜನನಾಂಗದ,ಜನನಂಗದ
jananangada,ಜನನಾಂಗದ,ಜನಾನಂಗದ
janangiya,ಜನಾಂಗೀಯ,ಜನಾಂಗಿಯ
jannana,ಜನ್ನನ,ಜನ್ನಣ
jama,ಜಮಾ,ಜಮ
jamuna,ಜಮುನಾ,ಜಮೂನ
germanee,ಜರ್ಮನಿ,ಜರ್ಮನೆ
jalagaara,ಜಲಗಾರ,ಜಾಲಗಾರ
jalagara,ಜಲಗಾರ,ಜಾಲಗಾರ
jalapaatakke,ಜಲಪಾತಕ್ಕೆ,ಜಲಪತಕ್ಕೆ
jalapatakke,ಜಲಪಾತಕ್ಕೆ,ಜಲಪತಕ್ಕೆ
jalapaatagalannu,ಜಲಪಾತಗಳನ್ನು,ಜಲಪತಗಳನ್ನು
jalapatagalannu,ಜಲಪಾತಗಳನ್ನು,ಜಲಪತಗಳನ್ನು
jalapaatagalige,ಜಲಪಾತಗಳಿಗೆ,ಜಲಪತಗಳಿಗೆ
jalapatagalige,ಜಲಪಾತಗಳಿಗೆ,ಜಲಪತಗಳಿಗೆ
jalapaatavu,ಜಲಪಾತವು,ಜಾಲಪಾಡವು
jalapaatawu,ಜಲಪಾತವು,ಜಾಲಪಾಡವು
jalapatavu,ಜಲಪಾತವು,ಜಲಪತವು
jalavidyut,ಜಲವಿದ್ಯುತ್,ಜಲಾವಿದಿಂದ್
jalawidyut,ಜಲವಿದ್ಯುತ್,ಜಲಾವಿದಿಂದ್
jalaanayana,ಜಲಾನಯನ,ಜಲನಯನ
jalanayana,ಜಲಾನಯನ,ಜಲನಯನ
javaabdaararaagiruttaare,ಜವಾಬ್ದಾರರಾಗಿರುತ್ತಾರೆ,ಜವಾಬ್ದಾರರಾಗಿರುತ್ತವೆ
javaabdaararaagiruttare,ಜವಾಬ್ದಾರರಾಗಿರುತ್ತಾರೆ,ಜವಾಬ್ದಾರರಾಗಿರುತ್ತವೆ
javaabdaararagiruttaare,ಜವಾಬ್ದಾರರಾಗಿರುತ್ತಾರೆ,ಜವಾಬ್ದಾರರಾಗಿರುತ್ತವೆ
javaabdaararagiruttare,ಜವಾಬ್ದಾರರಾಗಿರುತ್ತಾರೆ,ಜವಾಬ್ದಾರರಾಗಿರುತ್ತವೆ
javaabdararaagiruttaare,ಜವಾಬ್ದಾರರಾಗಿರುತ್ತಾರೆ,ಜವಾಬ್ದಾರರಾಗಿರುತ್ತವೆ
javaabdararaagiruttare,ಜವಾಬ್ದಾರರಾಗಿರುತ್ತಾರೆ,ಜವಾಬ್ದಾರರಾಗಿರುತ್ತವೆ
javaabdararagiruttaare,ಜವಾಬ್ದಾರರಾಗಿರುತ್ತಾರೆ,ಜವಾಬ್ದಾರರಾಗಿರುತ್ತವೆ
javaabdararagiruttare,ಜವಾಬ್ದಾರರಾಗಿರುತ್ತಾರೆ,ಜವಾಬ್ದಾರರಾಗಿರುತ್ತವೆ
javabdaararaagiruttaare,ಜವಾಬ್ದಾರರಾಗಿರುತ್ತಾರೆ,ಜವಾಬ್ದಾರರಾಗಿರುತ್ತವೆ
javabdaararaagiruttare,ಜವಾಬ್ದಾರರಾಗಿರುತ್ತಾರೆ,ಜವಾಬ್ದಾರರಾಗಿರುತ್ತವೆ
javabdaararagiruttaare,ಜವಾಬ್ದಾರರಾಗಿರುತ್ತಾರೆ,ಜವಾಬ್ದಾರರಾಗಿರುತ್ತವೆ
javabdaararagiruttare,ಜವಾಬ್ದಾರರಾಗಿರುತ್ತಾರೆ,ಜವಾಬ್ದಾರರಾಗಿರುತ್ತವೆ
javabdararaagiruttaare,ಜವಾಬ್ದಾರರಾಗಿರುತ್ತಾರೆ,ಜವಾಬ್ದಾರರಾಗಿರುತ್ತವೆ
javabdararaagiruttare,ಜವಾಬ್ದಾರರಾಗಿರುತ್ತಾರೆ,ಜವಾಬ್ದಾರರಾಗಿರುತ್ತವೆ
javabdararagiruttaare,ಜವಾಬ್ದಾರರಾಗಿರುತ್ತಾರೆ,ಜವಾಬ್ದಾರರಾಗಿರುತ್ತವೆ
javabdararagiruttare,ಜವಾಬ್ದಾರರಾಗಿರುತ್ತಾರೆ,ಜವಾಬ್ದಾರರಾಗಿರುತ್ತವೆ
justin,ಜಸ್ಟಿನ್,ಜಾಸ್ಟಿನ್
zustin,ಜಸ್ಟಿನ್,ಜಾಸ್ಟಿನ್
jahaangeer,ಜಹಾಂಗೀರ್,ಜಾನೇಜರ್
jahangeer,ಜಹಾಂಗೀರ್,ಜಾನೇಜರ್
jahangir,ಜಹಾಂಗೀರ್,ಜಾನಂಜರ್
jaanme,ಜಾಣ್ಮೆ,ಜಾನ್ಮೆ
janme,ಜಾಣ್ಮೆ,ಜನ್ಮೆ
jaanmeyinda,ಜಾಣ್ಮೆಯಿಂದ,ಜನ್ಮೆಯಿಂದ
janmeyinda,ಜಾಣ್ಮೆಯಿಂದ,ಜನ್ಮೆಯಿಂದ
januvaru,ಜಾನುವಾರು,ಜಂಬೂರವು
januvarugalu,ಜಾನುವಾರುಗಳು,ಜನುವರುಗಳು
jayikayi,ಜಾಯಿಕಾಯಿ,ಜಯಿಕಾಯಿ
jari,ಜಾರಿ,ಜರಿ
jaahiraathugalannu,ಜಾಹಿರಾತುಗಳನ್ನು,ಜಾಹೀರಾತುಗಳನ್ನು
jaahiraatugalannu,ಜಾಹಿರಾತುಗಳನ್ನು,ಜಾಹೀರಾತುಗಳನ್ನು
jaahirathugalannu,ಜಾಹಿರಾತುಗಳನ್ನು,ಜಾಹೀರಾತುಗಳನ್ನು
jaahiratugalannu,ಜಾಹಿರಾತುಗಳನ್ನು,ಜಾಹೀರಾತುಗಳನ್ನು
jahiraathugalannu,ಜಾಹಿರಾತುಗಳನ್ನು,ಜಾಹೀರಾತುಗಳನ್ನು
jahiraatugalannu,ಜಾಹಿರಾತುಗಳನ್ನು,ಜಾಹೀರಾತುಗಳನ್ನು
jahirathugalannu,ಜಾಹಿರಾತುಗಳನ್ನು,ಜಾಹೀರಾತುಗಳನ್ನು
jahiratugalannu,ಜಾಹಿರಾತುಗಳನ್ನು,ಜಾಹೀರಾತುಗಳನ್ನು
jaahiraathugalu,ಜಾಹಿರಾತುಗಳು,ಜಾಹೀರಾತುಗಳು
jaahiraatugalu,ಜಾಹಿರಾತುಗಳು,ಜಾಹೀರಾತುಗಳು
jaahirathugalu,ಜಾಹಿರಾತುಗಳು,ಜಾಹೀರಾತುಗಳು
jaahiratugalu,ಜಾಹಿರಾತುಗಳು,ಜಾಹೀರಾತುಗಳು
jahiraathugalu,ಜಾಹಿರಾತುಗಳು,ಜಾಹೀರಾತುಗಳು
jahiraatugalu,ಜಾಹಿರಾತುಗಳು,ಜಾಹೀರಾತುಗಳು
jahirathugalu,ಜಾಹಿರಾತುಗಳು,ಜಾಹೀರಾತುಗಳು
jahiratugalu,ಜಾಹಿರಾತುಗಳು,ಜಾಹೀರಾತುಗಳು
jindagi,ಜಿಂದಗಿ,ಜಿಂದಾಗಿ
zindagi,ಜಿಂದಗಿ,ಜಿಂದಾಗಿ
jivanadalli,ಜೀವನದಲ್ಲಿ,ಜೀವಾನದಲ್ಲಿ
jeevanadi,ಜೀವನದಿ,ಜೀವನಾಡಿ
jivanadi,ಜೀವನದಿ,ಜೀವಾನದಿ
jum,ಜುಮ್,ಜಾಮ್
zum,ಜುಮ್,ಜಾಮ್
gems,ಜೆಮ್ಸ್,ಜೇಮ್ಸ್
jems,ಜೆಮ್ಸ್,ಜೇಮ್ಸ್
jeri,ಜೆರಿ,ಜೇರಿ
jerry,ಜೆರಿ,ಜೆರ್ರಿ
jerriya,ಜೆರ್ರಿಯ,ಜೆರ್ರಿಯಾ
jedara,ಜೇಡರ,ಜೆದರ
jaipuradalli,ಜೈಪುರದಲ್ಲಿ,ಜ್ಯಾಪಿರಾದಲ್ಲಿ
joel,ಜೋಯಲ್,ಜೋಲ್
joshiyavara,ಜೋಶಿಯವರ,ಜೋಷಿಯವರ
joshiyawara,ಜೋಶಿಯವರ,ಜೋಷಿಯವರ
josiyavara,ಜೋಶಿಯವರ,ಜೋಷಿಯವರ
joshiyavaru,ಜೋಶಿಯವರು,ಜೋಷಿಯವರು
joshiyawaru,ಜೋಶಿಯವರು,ಜೋಷಿಯವರು
josiyavaru,ಜೋಶಿಯವರು,ಜೋಷಿಯವರು
jvaalegalu,ಜ್ವಾಲೆಗಳು,ಸ್ವಾಲೆಗಳು
jvalegalu,ಜ್ವಾಲೆಗಳು,ಸುಗಳೆಗಳು
jwaalegalu,ಜ್ವಾಲೆಗಳು,ಸ್ವಾಲೆಗಳು
zone,ಝೋನ್,ಜೋನ್
turbine,ಟರ್ಬೈನ್,ತುರಿನಿಯನ್
tonic,ಟಾನಿಕ್,ಟೆನಿಕ್
typikal,ಟಿಪಿಕಲ್,ಟ್ಪಿಪಲ್
tele,ಟೆಲಿ,ಟೇಲೆ
tely,ಟೆಲಿ,ಟೇಲಿ
tigar,ಟೈಗರ್,ಟಿಗರ್
tiger,ಟೈಗರ್,ಟೈಜರ್
tigers,ಟೈಗರ್ಸ್,ಟೈಜರ್ಸ್
tomato,ಟೊಮೆಟೊ,ತೊಮಟೋ
tometo,ಟೊಮೆಟೊ,ತೊಮೆಟೊ
tomatogalu,ಟೊಮೆಟೊಗಳು,ತೊಮಟಗಳು
tometogalu,ಟೊಮೆಟೊಗಳು,ತೊಮೆತುಗಳು
taalent,ಟ್ಯಾಲೆಂಟ್,ಟಾಲೆಂಟ್
talent,ಟ್ಯಾಲೆಂಟ್,ಟೇಲ್ಯಾಂಟ್
trai,ಟ್ರಾಯ್,ಟ್ರಿ
troy,ಟ್ರಾಯ್,ಟ್ರೇ
tree,ಟ್ರೀ,ಟ್ರೇ
trii,ಟ್ರೀ,ತ್ರಿ
darvinanna,ಡಾರ್ವಿನ್ನನ,ದರ್ವಿಣನ
darvinnana,ಡಾರ್ವಿನ್ನನ,ದರ್ವಿಣ್ಣನ
dolar,ಡಾಲರ್,ಡಲಾರ್
dollaar,ಡಾಲರ್,ಡಲ್ಲಾರ್
dollar,ಡಾಲರ್,ಡೇಲ್ಲರ್
delux,ಡಿಲಕ್ಸ್,ಡೆಲಕ್ಸ್
deluxe,ಡಿಲಕ್ಸ್,ಡೆಲೆಕ್ಸ್
disney,ಡಿಸ್ನಿ,ಡಿಸ್ಣಿ
denmaark,ಡೆನ್ಮಾರ್ಕ್,ಡೆನಾಮ್ರಾಕ್
denmark,ಡೆನ್ಮಾರ್ಕ್,ಡೆನಾಸ್ಕ್
denmarq,ಡೆನ್ಮಾರ್ಕ್,ಡೆನಾಸ್ಕ್ರ್
daili,ಡೈಲಿ,ಡೇಲಿ
daily,ಡೈಲಿ,ಡೇಲಿ
dely,ಡೈಲಿ,ಡೇಲಿ
dominic,ಡೊಮಿನಿಕ್,ಡೋಮಿನಿಕ್
dominica,ಡೊಮಿನಿಕ್,ದೋಮಿನಿಕ
dominik,ಡೊಮಿನಿಕ್,ಡಾಮಿನಿಕ್
dolu,ಡೋಲು,ಡೂಳು
duke,ಡ್ಯೂಕ್,ಡೂಕೆ
drama,ಡ್ರಾಮ,ಡ್ರಾಮಾ
draek,ಡ್ರೇಕ್,ಡ್ರೈಕ್
drake,ಡ್ರೇಕ್,ದ್ರೇಕ್
draqe,ಡ್ರೇಕ್,ದ್ರೇಕ್
tattegalannu,ತಟ್ಟೆಗಳನ್ನು,ತಟ್ಟುಗಳನ್ನು
tattegalu,ತಟ್ಟೆಗಳು,ತಟ್ಟುಗಳು
tanniru,ತಣ್ಣೀರು,ತನ್ನಿಸು
thanniru,ತಣ್ಣೀರು,ತನಿಸು
tappisikolluva,ತಪ್ಪಿಸಿಕೊಳ್ಳುವ,ತಪ್ಪಿಸಿಕೊಳ್ಳಲು
tabala,ತಬಲ,ತಬಲಾ
tabla,ತಬಲ,ತಂದ
tarasu,ತರಾಸು,ತರಸು
tharaasu,ತರಾಸು,ತರಪೇ
tarjume,ತರ್ಜುಮೆ,ತರುಣೂ
talabhaaga,ತಳಭಾಗ,ತಲಾಭಾಗ
talabhaga,ತಳಭಾಗ,ತಾಲಭಾಗ
thabhaga,ತಳಭಾಗ,ತಭಗ
thalabhaaga,ತಳಭಾಗ,ತಲಭಾಗ
talabhaagadalli,ತಳಭಾಗದಲ್ಲಿ,ತಾಲಭಾಗದಲ್ಲಿ
talabhagadalli,ತಳಭಾಗದಲ್ಲಿ,ತಾಲಭಾಗದಲ್ಲಿ
thalabhaagadalli,ತಳಭಾಗದಲ್ಲಿ,ತಾಲ್ಭಾಗದಲ್ಲಿ
thalabhagadalli,ತಳಭಾಗದಲ್ಲಿ,ತಾಲ್ಭಾಗದಲ್ಲಿ
tallihaakidaru,ತಳ್ಳಿಹಾಕಿದರು,ತಲಿಗಾಹಿಸುವ
thallihakidaru,ತಳ್ಳಿಹಾಕಿದರು,ತಳಿಳಕಿರಿದರು
taattvika,ತಾತ್ತ್ವಿಕ,ತಾತ್ವಿಕ್ಷ
tatvika,ತಾತ್ತ್ವಿಕ,ತಾತ್ವಿಕ
thathwika,ತಾತ್ತ್ವಿಕ,ತಾತ್ವಿಕ
tindigalannu,ತಿಂಡಿಗಳನ್ನು,ತಿಂದಿಗಳನ್ನು
tipatooru,ತಿಪಟೂರು,ಟಿಪಾಪುರು
tipaturu,ತಿಪಟೂರು,ಟಿಪಾಪುರು
tiraskaara,ತಿರಸ್ಕಾರ,ತೀರಸ್ಕಾರ
thiraskaradinda,ತಿರಸ್ಕಾರದಿಂದ,ತಿರಸ್ಕರದಿಂದ
tiraskaaradinda,ತಿರಸ್ಕಾರದಿಂದ,ತೀರ್ಕಾಶವಾದಿದ
tirskruta,ತಿರಸ್ಕೃತ,ತೀರ್ಕೃಷ್ಟ
turtu,ತುರ್ತು,ತುರುತ
turtusthiti,ತುರ್ತುಸ್ಥಿತಿ,ತುರುತ್ತಿತಿ
tusara,ತುಷಾರ,ತುಸಾರಾ
tushaara,ತುಷಾರ,ತುಶಾರ
tushara,ತುಷಾರ,ತುಶ್ರಾ
tene,ತೆನೆ,ಟೇನ್
thene,ತೆನೆ,ಥೇನ್
tellagina,ತೆಳ್ಳಗಿನ,ತೆಲ್ಲಗಿನ
tellage,ತೆಳ್ಳಗೆ,ತೆಲ್ಲಗೆ
tejas,ತೇಜಸ್,ಟೇಜಸ್
teja,ತೇಜಾ,ಟೇಜ
tejaa,ತೇಜಾ,ಟೇಜಾ
theja,ತೇಜಾ,ತೇಜ
teru,ತೇರು,ತೆರು
theru,ತೇರು,ದೇರು
taiva,ತೇವ,ತೈವ್ರ
theva,ತೇವ,ದೇವ
todeya,ತೊಡೆಯ,ತೋದೆಯ
totakke,ತೋಟಕ್ಕೆ,ತೊಟಕ್ಕೆ
thwameva,ತ್ವಮೇವ,ತ್ವಾಮೆವ
tvameva,ತ್ವಮೇವ,ತ್ವಾಮೆವ
theatar,ಥಿಯೇಟರ್,ಡೇಟರ್
theater,ಥಿಯೇಟರ್,ಥೇಟರ್
theator,ಥಿಯೇಟರ್,ಡೇಟರ್
theatre,ಥಿಯೇಟರ್,ದೆಟ್ರ್
threw,ಥ್ರೂ,ಥ್ರೇ
throagh,ಥ್ರೂ,ಟ್ರೂಘ್
through,ಥ್ರೂ,ತ್ರೂಂ
throuugh,ಥ್ರೂ,ತ್ರೂಂಡ್
thread,ಥ್ರೆಡ್,ಥ್ರೇಡ್
thred,ಥ್ರೆಡ್,ಥ್ರೇಡ್
dande,ದಂಡೇ,ದಂಡೆ
dhande,ದಂಡೇ,ದಂಡೆ
dathamshagala,ದತ್ತಾಂಶಗಳ,ದಂತಾಂಶಗಳ
dattaamshagala,ದತ್ತಾಂಶಗಳ,ದಟ್ಟಾಂಶಕಲಾ
dattansagala,ದತ್ತಾಂಶಗಳ,ದಟ್ಟಾಂಶಗಳ
dathamshagalu,ದತ್ತಾಂಶಗಳು,ದಂತಾಂಶಗಳು
dattaamshagalu,ದತ್ತಾಂಶಗಳು,ದಟ್ಟಾಂಶಗಳು
dattansagalu,ದತ್ತಾಂಶಗಳು,ದಟ್ಟಣ್ತಾನಗಳು
dalitana,ದಲಿತನ,ದಾಳಿತನ
dalitarige,ದಲಿತರಿಗೆ,ದಾಳಿತರಿಗೆ
dalitaru,ದಲಿತರು,ದಾಳಿತರು
dallaali,ದಳ್ಳಾಳಿ,ದಲ್ಲಾಳಿ
dallali,ದಳ್ಳಾಳಿ,ದಲ್ಲಾಳಿ
davadeya,ದವಡೆಯ,ದಾವದೆಯ
daakhalegaagi,ದಾಖಲೆಗಾಗಿ,ದಾಖಲಾಗಿ
dhaakhalegaagi,ದಾಖಲೆಗಾಗಿ,ದಾಖಲಾಗಿ
daruna,ದಾರುಣ,ದರುಣ
dinakara,ದಿನಕರ,ದಿನಾಕರ
dinavu,ದಿನವೂ,ದಿನವು
dinavemba,ದಿನವೆಂದು,ದಿನವೆಂಬ
dina,ದಿನಾ,ದಿನ
deeksha,ದೀಕ್ಷಾ,ದೀಕ್ಷ
deekshaa,ದೀಕ್ಷಾ,ದೀಕ್ಷ
deexa,ದೀಕ್ಷಾ,ದೀಕ್ಷ
diksha,ದೀಕ್ಷಾ,ದೀಕ್ಷ
dundage,ದುಂಡಗೆ,ದುಂಡಾಗೆ
durasthi,ದುರಸ್ತಿ,ದುರಸ್ಥಿ
durasti,ದುರಸ್ತಿ,ದುರಸ್ಥಿ
durasthiya,ದುರಸ್ತಿಯ,ದುರಸ್ಥಿಯ
durastiya,ದುರಸ್ತಿಯ,ದುರಸ್ಥಿಯ
durgamavaada,ದುರ್ಗಮವಾದ,ದುರ್ಗಾಮವಾದ
durgamavada,ದುರ್ಗಮವಾದ,ದುರ್ಗಾಮವಾದ
drashtikonakke,ದೃಷ್ಟಿಕೋನಕ್ಕೆ,ದೃಷ್ಟಿಕೋಕ್ಕೆ
drushtikonakke,ದೃಷ್ಟಿಕೋನಕ್ಕೆ,ದೃಷ್ಟಿಕೋಷಕ್ಕೆ
drustikonakke,ದೃಷ್ಟಿಕೋನಕ್ಕೆ,ದೃಷ್ಟಿಕನ್ಟಕ್
drashtikonagalannu,ದೃಷ್ಟಿಕೋನಗಳನ್ನು,ದೃಷ್ಟಿಕೆಗಳನ್ನು
drushtikonagalannu,ದೃಷ್ಟಿಕೋನಗಳನ್ನು,ದೃಷ್ಟಿಕೆಗಳನ್ನು
drustikonagalannu,ದೃಷ್ಟಿಕೋನಗಳನ್ನು,ದೃಷ್ಟಿಕೆಗಳನ್ನು
drashtikonada,ದೃಷ್ಟಿಕೋನದ,ದೃಷ್ಟಿಕೋಣದ
drushtikonada,ದೃಷ್ಟಿಕೋನದ,ದೃಷ್ಟಿಕೋತನ
drustikonada,ದೃಷ್ಟಿಕೋನದ,ದೃಷ್ಟಿಕೋಲಕ
denigeyaagi,ದೇಣಿಗೆಯಾಗಿ,ದೇನಿಗೆಯಾಗಿ
denigeyagi,ದೇಣಿಗೆಯಾಗಿ,ದೇನಿಗೆಯಾಗಿ
devayani,ದೇವಯಾನಿ,ದೇವಾಯಣಿ
devee,ದೇವೀ,ದೇವೇ
devi,ದೇವೀ,ದೇವಿ
doreyada,ದೊರೆಯಾದ,ದೊರೆಯದ
dooshagalige,ದೋಷಗಳಿಗೆ,ದೋಶಗಳಿಗೆ
doshagalige,ದೋಷಗಳಿಗೆ,ದೊಶಗಳಿಗೆ
dooshagalu,ದೋಷಗಳು,ದೂಶಗಳು
doshagalu,ದೋಷಗಳು,ದೋಶಗಳು
dooshada,ದೋಷದ,ದೂಶದ
doshada,ದೋಷದ,ದೊಶದ
dooshapurita,ದೋಷಪೂರಿತ,ದೊಶಪೂರಿತ
dooshapuritha,ದೋಷಪೂರಿತ,ದೊಷ್ಮರೂದ್ರಿಯ
doshapoorita,ದೋಷಪೂರಿತ,ದೊಷಪೂರಿತ
doshapurita,ದೋಷಪೂರಿತ,ದೊಶಪೂರಿತ
doshapuritha,ದೋಷಪೂರಿತ,ದೊಷಪೂರಿತ
dosavu,ದೋಷವು,ದೊಸವು
doshavu,ದೋಷವು,ದೋಶವು
dravya,ದ್ರವ್ಯ,ದ್ರಾವ್ಯ
dravyagala,ದ್ರವ್ಯಗಳ,ದ್ರಾವ್ಯಗಳ
dravyagalannu,ದ್ರವ್ಯಗಳನ್ನು,ದ್ರಾವ್ಯಗಳನ್ನು
dravyagalu,ದ್ರವ್ಯಗಳು,ದ್ರಾವ್ಯಗಳು
dravyavannu,ದ್ರವ್ಯವನ್ನು,ದ್ರಾವ್ಯವನ್ನು
dhakke,ಧಕ್ಕೆ,ದಕ್ಕೆ
dhaniya,ಧನಿಯಾ,ದಾನಿಯ
dhaniyaa,ಧನಿಯಾ,ಧಾನಿಯ
dharmaartha,ಧರ್ಮಾರ್ಥ,ಧರ್ಮರ್ಥ
dharmartha,ಧರ್ಮಾರ್ಥ,ಧರ್ಮರ್ಥ
dhavala,ಧವಳ,ಧಾವಾಳ
dhaliya,ಧಾಳಿಯ,ದಾಳಿಯ
dharinara,ಧುರೀಣರ,ಧರಿನರ
dhureenara,ಧುರೀಣರ,ಧುರೇನರ
dhurinara,ಧುರೀಣರ,ಧುರಿನರ
dhooma,ಧೂಮ,ಧೋಮ
dhoolina,ಧೂಳಿನ,ದೂಳಿನ
dhulina,ಧೂಳಿನ,ದುಳಿನ
dhvaniyannu,ಧ್ವನಿಯನ್ನು,ಧ್ವಾನಿಯನ್ನು
dhwaniyannu,ಧ್ವನಿಯನ್ನು,ಧ್ವಾನಿಯನ್ನು
nage,ನಗೆ,ನಾಗೆ
nagege,ನಗೆಗೆ,ನಾಗೆಗೆ
natisidaru,ನಟಿಸಿದರೂ,ನಟಿಸಿದರು
naduvana,ನಡುವಣ,ನಡುವನ
nadida,ನಡೆದ,ನಡಿದ
nadesade,ನಡೆಸದೆ,ನಡೆಸಡೆ
nadesuvudara,ನಡೆಸುವುದರ,ನಡೆಸುವುದಾರ
nadi,ನದಿ,ನಾಡಿ
nadigalannu,ನದಿಗಳನ್ನು,ನಾಡಿಗಳನ್ನು
nadigalige,ನದಿಗಳಿಗೆ,ನಾಡಿಗಳಿಗೆ
nadigalu,ನದಿಗಳು,ನಾಡಿಗಳು
nadigaloo,ನದಿಗಳೂ,ನಾಡಿಗಳೂ
nadigalu,ನದಿಗಳೂ,ನಾಡಿಗಳು
nadiyannu,ನದಿಯನ್ನು,ನಾಡಿಯನ್ನು
nadiyalli,ನದಿಯಲ್ಲಿ,ನಡಿಯಲ್ಲಿ
nadiyaagi,ನದಿಯಾಗಿ,ನಡಿಯಾಗಿ
nadiyagi,ನದಿಯಾಗಿ,ನಡಿಯಾಗಿ
nadiyada,ನದಿಯಾದ,ನಡಿಯಾದ
nan,ನನ್,ನಾನ್
none,ನನ್,ನೋನೆ
nun,ನನ್,ನಾನ್
nannannu,ನನ್ನನ್ನು,ನಣ್ಣನ್ನು
nannalli,ನನ್ನಲ್ಲಿ,ನಾಣಲಲ್ಲಿ
nanninda,ನನ್ನಿಂದ,ನಾಣಿನಿಂದ
napumsaka,ನಪುಂಸಕ,ನಮುಸಂಕ
napunsaka,ನಪುಂಸಕ,ನಕೇಂಶಕ
narameda,ನರಮೇಧ,ನರಮೇದ
naramedha,ನರಮೇಧ,ನರಮೇದ
naravyooha,ನರವ್ಯೂಹ,ನರಬೇಬಾ
naravyuha,ನರವ್ಯೂಹ,ನರವೇಬ
narawyooha,ನರವ್ಯೂಹ,ನರಬೇಬಾ
naravyoohada,ನರವ್ಯೂಹದ,ನರಬೇಬಾದ
naravyuhada,ನರವ್ಯೂಹದ,ನರಬೇವಾಯ
narawyoohada,ನರವ್ಯೂಹದ,ನರಬೇಬಾದ
nalavatthu,ನಲವತ್ತು,ನಾಲವತ್ತು
nalavattu,ನಲವತ್ತು,ನಾಲವತ್ತು
navodayada,ನವೋದಯದ,ನವದೋಹದ
nawodayada,ನವೋದಯದ,ನವದೋಹದ
naandi,ನಾಂದಿ,ನಂದಿ
nandi,ನಾಂದಿ,ನಂದಿ
naagarikate,ನಾಗರೀಕತೆ,ನಾಗರಿಕತೆ
nagarikate,ನಾಗರೀಕತೆ,ನಾಗರಿಕತೆ
namakarana,ನಾಮಕರಣ,ನಮಕರಣ
naamakarana,ನಾಮಕರಣಕ್ಕೆ,ನಾಮಕರಣ
namakaranakke,ನಾಮಕರಣಕ್ಕೆ,ನಮಕಾರಣಕ್ಕೆ
naamapadagalu,ನಾಮಪದಗಳು,ನಾಮಪಾಡಗಳು
namapadagalu,ನಾಮಪದಗಳು,ನಮಪದಲ್ಲೂ
naayakanata,ನಾಯಕನಟ,ನಾಯಕನಾಥ
nayakanata,ನಾಯಕನಟ,ನಾಯಕನಾಥ
narman,ನಾರ್ಮನ್,ನರ್ಮನ್
normaan,ನಾರ್ಮನ್,ನಾರ್ಮಾನ್
nalage,ನಾಲಗೆ,ನಾಳಗೆ
ninja,ನಿಂಜಾ,ನಿಂಜ
ninza,ನಿಂಜಾ,ನಿಂಜ
nigudhavaagi,ನಿಗೂಢವಾಗಿ,ನಿಗುದವಾಗಿ
nigudhavagi,ನಿಗೂಢವಾಗಿ,ನಿಗುದವಾಗಿ
nigudhavaada,ನಿಗೂಢವಾದ,ನಿಗುದ್ಧವಾದ
nigudhavada,ನಿಗೂಢವಾದ,ನಿಗುದವಾದ
niyantranagalannu,ನಿಯಂತ್ರಣಗಳನ್ನು,ನಿಯಂತ್ರಗಳನ್ನು
niyantranadalli,ನಿಯಂತ್ರಣದಲ್ಲಿ,ನಿಯಂತ್ರ್ಯವಾಗಿಲ್ಲ
niyantranadalliruva,ನಿಯಂತ್ರಣದಲ್ಲಿರುವ,ನಿಯಂತ್ರದನ್ನದಿಂದ
niyantranadinda,ನಿಯಂತ್ರಣದಿಂದ,ನಿಯಂತ್ರತೆಯಿಂದ
niyantranavu,ನಿಯಂತ್ರಣವು,ನಿಯಂತ್ರವನ್ನು
niyamagalannu,ನಿಯಮಗಳನ್ನೂ,ನಿಯಮಗಳನ್ನು
niyamadante,ನಿಯಮದಂತೆ,ನಿಯಮಾದಂತೆ
niyamadanthe,ನಿಯಮದಂತೆ,ನಿಯಮಾಡಂತೆ
niyamadinda,ನಿಯಮದಿಂದ,ನಿಯಮಾಡಿಂದ
niranjan,ನಿರಂಜನ,ನಿರ್ಮಾನ್ಜ್
niranjana,ನಿರಂಜನ,ನಿರ್ಮಾನನ
nirupadravi,ನಿರುಪದ್ರವಿ,ನಿರೂಪದ್ರಾವಿ
nirupana,ನಿರೂಪಣಾ,ನಿರೂಪನ
nirmisidanendu,ನಿರ್ಮಿಸಿದನೆಂದು,ನಿರ್ಮಿಸಿದನ್ನು
nildaana,ನಿಲ್ದಾಣ,ನಿಲ್ದಾನ
nildana,ನಿಲ್ದಾಣ,ನಿಲ್ದಾನ
nildaanagalu,ನಿಲ್ದಾಣಗಳು,ನೀಲ್ವಾಗಳು
nildanagalu,ನಿಲ್ದಾಣಗಳು,ನಿಲ್ಲವಾಗಲು
nildaanavaagide,ನಿಲ್ದಾಣವಾಗಿದೆ,ನೀಲ್ಧಾನವಾಗಿದೆ
nildaanavagide,ನಿಲ್ದಾಣವಾಗಿದೆ,ನೀಲ್ಧಾನವಾಗಿದೆ
nildanavaagide,ನಿಲ್ದಾಣವಾಗಿದೆ,ನೀಲ್ವಾಣವಾಗಿದೆ
nildanavagide,ನಿಲ್ದಾಣವಾಗಿದೆ,ನೀಲ್ಧಾನವಾಗಿದೆ
nilagiri,ನೀಲಗಿರಿ,ನಿಲಗಿರಿ
nilamani,ನೀಲಮಣಿ,ನಿಲಮಣಿ
nratya,ನೃತ್ಯ,ನ್ರತ್ಯ
nratyagala,ನೃತ್ಯಗಳ,ನ್ರಾಟ್ಯಗಳ
nratyagalalli,ನೃತ್ಯಗಳಲ್ಲಿ,ನರ್ತಲಗಳಲ್ಲಿ
nrutyagalalli,ನೃತ್ಯಗಳಲ್ಲಿ,ನೃತಿಗಳಲ್ಲಿ
nratyadalli,ನೃತ್ಯದಲ್ಲಿ,ನೃತದಲ್ಲಿ
nratyavu,ನೃತ್ಯವು,ನ್ರತ್ಯವೂ
neya,ನೆಯ,ನೇಯ
neravu,ನೆರವು,ನೆರವೂ
naikhatya,ನೈಋತ್ಯ,ನೈಖತ್ಯ
nairtya,ನೈಋತ್ಯ,ನೈರ್ತ್ಯ
nairuthya,ನೈಋತ್ಯ,ನೈರುತ್ಯ
nairutya,ನೈಋತ್ಯ,ನೈರುತ್ಯ
naikhatyadalli,ನೈಋತ್ಯದಲ್ಲಿ,ನೈಖತ್ಯದಲ್ಲಿ
nairtyadalli,ನೈಋತ್ಯದಲ್ಲಿ,ನೈರ್ತಿಯಾದಲ್ಲಿ
nairuthyadalli,ನೈಋತ್ಯದಲ್ಲಿ,ನೈರುತ್ಯದಲ್ಲಿ
nairutyadalli,ನೈಋತ್ಯದಲ್ಲಿ,ನೈರುತ್ಯದಲ್ಲಿ
knights,ನೈಟ್ಸ್,ಕ್ಲಿಟ್ಸ್
nights,ನೈಟ್ಸ್,ನಿಂಟಿಷ್
qnights,ನೈಟ್ಸ್,ಕ್ಲಿಟ್ಸ್
nokia,ನೋಕಿಯಾ,ನೋಕಿಯ
nokiya,ನೋಕಿಯಾ,ನೋಕಿಯ
nodalikke,ನೋಡಲಿಕ್ಕೆ,ನೋಡಲಿಕೆ
nodidaru,ನೋಡಿದರೂ,ನೋಡಿದರು
nano,ನ್ಯಾನೊ,ನನೋ
nyano,ನ್ಯಾನೊ,ನ್ಯಾನೋ
neutron,ನ್ಯೂಟ್ರಾನ್,ನ್ಯೂಟನ್
neuutron,ನ್ಯೂಟ್ರಾನ್,ನ್ಯೂಟರ್ನ್
nuetron,ನ್ಯೂಟ್ರಾನ್,ನ್ಯೂಟನ್
nyootraan,ನ್ಯೂಟ್ರಾನ್,ನ್ಯೂಟ್ರನ್
nyutran,ನ್ಯೂಟ್ರಾನ್,ನ್ಯೂಟರ್ನ್
pandya,ಪಂದ್ಯ,ಪಾಂಡ್ಯ
apndyadalli,ಪಂದ್ಯದಲ್ಲಿ,ಅಸ್ಲ್ಯದಲ್ಲಿ
pandyadalli,ಪಂದ್ಯದಲ್ಲಿ,ಪಂದ್ಯಾದಲ್ಲಿ
pandyavannu,ಪಂದ್ಯವನ್ನು,ಪಾಂಡ್ಯವನ್ನು
pakshapaatha,ಪಕ್ಷಪಾತ,ಪಕ್ಷಪತ
pakshapata,ಪಕ್ಷಪಾತ,ಪಕ್ಷಪತ
pachadi,ಪಚಡಿ,ಪಶಾದಿ
padegalannu,ಪಡೆಗಳನ್ನು,ಪಾದೆಗಳನ್ನು
padegalige,ಪಡೆಗಳಿಗೆ,ಪಾದೆಗಳಿಗೆ
pathi,ಪತಿ,ಪಠಿ
pati,ಪತಿ,ಪಾಟಿ
patige,ಪತಿಗೆ,ಪಾಟಿಗೆ
pathiyannu,ಪತಿಯನ್ನು,ಪಠಿಯನ್ನು
pathiyaagi,ಪತಿಯಾಗಿ,ಪಠಿಯಾಗಿ
pathiyagi,ಪತಿಯಾಗಿ,ಪಠಿಯಾಗಿ
patiyaage,ಪತಿಯಾಗಿ,ಪಠಿಯಾಗಿ
patiyaagi,ಪತಿಯಾಗಿ,ಪಠಿಯಾಗಿ
patiyagi,ಪತಿಯಾಗಿ,ಪಠಿಯಾಗಿ
pathiyondige,ಪತಿಯೊಂದಿಗೆ,ಪಠಿಯೊಂದಿಗೆ
patiyondige,ಪತಿಯೊಂದಿಗೆ,ಪಠಿಯೊಂದಿಗೆ
pattehacchabahudu,ಪತ್ತೆಹಚ್ಚಬಹುದು,ಪತ್ತೆಚೆಚಬಹುದು
pattehachchabahudu,ಪತ್ತೆಹಚ್ಚಬಹುದು,ಪತ್ತೆಚೆಚಬಹುದು
pattehachhabahudu,ಪತ್ತೆಹಚ್ಚಬಹುದು,ಪತ್ತೆಹೆಚಬಹುದು
pattehacchalu,ಪತ್ತೆಹಚ್ಚಲು,ಪತ್ತಿಮೇಚಲು
pattehachchalu,ಪತ್ತೆಹಚ್ಚಲು,ಪತ್ತಿಹೇಕೆಗೆ
pattehachhalu,ಪತ್ತೆಹಚ್ಚಲು,ಪತ್ತೆಹೇಚಲು
pattehacchi,ಪತ್ತೆಹಚ್ಚಿ,ಪತ್ತೆಚಾಚಿ
pattehachchi,ಪತ್ತೆಹಚ್ಚಿ,ಪತ್ತೆಹಚಿಕೆ
pattehachhi,ಪತ್ತೆಹಚ್ಚಿ,ಪತ್ತೇಚಾಚಿ
pattehacchuva,ಪತ್ತೆಹಚ್ಚುವ,ಪತ್ತಿಮೇಚುವ
pattehachchuva,ಪತ್ತೆಹಚ್ಚುವ,ಪತ್ತಿಹೋಚ್ಯತು
pattehachhuva,ಪತ್ತೆಹಚ್ಚುವ,ಪತ್ತೇಚೆತವು
padaarthagalannoo,ಪದಾರ್ಥಗಳನ್ನೂ,ಪದರ್ತಗಳನ್ನೂ
padarthagalannu,ಪದಾರ್ಥಗಳನ್ನೂ,ಪದರ್ತಗಳನ್ನು
padarthagalanoo,ಪದಾರ್ಥಗಳನ್ನೂ,ಪದರ್ತಗಳನ್ನೂ
padaarthagalalli,ಪದಾರ್ಥಗಳಲ್ಲಿ,ಪದರ್ತಗಳಲ್ಲಿ
padarthagalalli,ಪದಾರ್ಥಗಳಲ್ಲಿ,ಪದರ್ತಗಳಲ್ಲಿ
padaarthagalaada,ಪದಾರ್ಥಗಳಾದ,ಪದರ್ತಗಳಾದ
padarthagalada,ಪದಾರ್ಥಗಳಾದ,ಪದರ್ತಗಳಾದ
padaarthagalinda,ಪದಾರ್ಥಗಳಿಂದ,ಪದರ್ತಗಳಿಂದ
padarthagalinda,ಪದಾರ್ಥಗಳಿಂದ,ಪದರ್ತಗಳಿಂದ
padaarthagalu,ಪದಾರ್ಥಗಳು,ಪದರ್ತಗಳು
padarthagalu,ಪದಾರ್ಥಗಳು,ಪದರ್ತಗಳು
padarthavannu,ಪದಾರ್ಥವನ್ನು,ಪಾದರ್ತವನ್ನು
padarthavagide,ಪದಾರ್ಥವಾಗಿದೆ,ಪಾದರ್ತವಾಗಿದೆ
padaarthavu,ಪದಾರ್ಥವು,ಪದಾರ್ತವು
padarthavu,ಪದಾರ್ಥವು,ಪದರ್ತವು
paramaananda,ಪರಮಾನಂದ,ಪರಮಾಣಂದ
paramananda,ಪರಮಾನಂದ,ಪರಮಾಣಂದ
pariksha,ಪರಿಕ್ಷಾ,ಪರೀಕ್ಷಾ
parikshaa,ಪರಿಕ್ಷಾ,ಪರೀಕ್ಷಾ
pariganisade,ಪರಿಗಣಿಸದೆ,ಪರಿಗಣಿಸದೇ
pariganisabahudu,ಪರಿಗಣಿಸಬಹುದು,ಪರಿಗಣಿಸಬಹುದಾಗಿ
pariganisalpattidhe,ಪರಿಗಣಿಸಲ್ಪಟ್ಟಿದೆ,ಪರಿಗಣಿಸಲ್ಪಟಿಸಲು
pariganisalpattiruva,ಪರಿಗಣಿಸಲ್ಪಟ್ಟಿರುವ,ಪರಿಗಣಿಸಲ್ಪಿಸುತ್ತಾರೆ
paripaata,ಪರಿಪಾಠ,ಪರಿಪಾತ
paripaatha,ಪರಿಪಾಠ,ಪರಿಪಾತ
paripatha,ಪರಿಪಾಠ,ಪರಿಪತ
paripaatavannu,ಪರಿಪಾಠವನ್ನು,ಪರಿಪಾತವನ್ನು
paripaathavannu,ಪರಿಪಾಠವನ್ನು,ಪರಿಪಾದಕವನ್ನು
paripaathawannu,ಪರಿಪಾಠವನ್ನು,ಪರಿಪಾದಕವನ್ನು
paripathavannu,ಪರಿಪಾಠವನ್ನು,ಪರಿಪತವನ್ನು
paripaathavannu,ಪರಿಪಾಠವಿದೆ,ಪರಿಪಾದಕವನ್ನು
paripaathavide,ಪರಿಪಾಠವಿದೆ,ಪರಿಪಾದತೆವಿದೆ
paripaathawannu,ಪರಿಪಾಠವಿದೆ,ಪರಿಪಾದಕವನ್ನು
paripathavide,ಪರಿಪಾಠವಿದೆ,ಪರಿಪತವಿದೆ
parishudda,ಪರಿಶುದ್ಧ,ಪರಿಶೂದ್ದ
parishuddha,ಪರಿಶುದ್ಧ,ಪರಿಶೂದ್ಧ
parokshavaagi,ಪರೋಕ್ಷವಾಗಿ,ಪರಕ್ಷವಾಗಿ
parokshavagi,ಪರೋಕ್ಷವಾಗಿ,ಪರಕ್ಷವಾಗಿ
parookshavaagi,ಪರೋಕ್ಷವಾಗಿ,ಪರೂಕ್ಷವಾಗಿ
parookshavagi,ಪರೋಕ್ಷವಾಗಿ,ಪರೂಕ್ಷವಾಗಿ
paroxawaagi,ಪರೋಕ್ಷವಾಗಿ,ಪರ್ಕ್ಷವಾಗಿ
pandicheri,ಪಾಂಡಿಚೇರಿ,ಪಂಡಿಚೇರಿ
pondicherry,ಪಾಂಡಿಚೇರಿ,ಪಂಡಿಚರಿಸ್
pandityakke,ಪಾಂಡಿತ್ಯಕ್ಕೆ,ಪಂಡಿತ್ಯಕ್ಕೆ
pandithyavannu,ಪಾಂಡಿತ್ಯವನ್ನು,ಪಂದಿತ್ಯವನ್ನು
pandityavannu,ಪಾಂಡಿತ್ಯವನ್ನು,ಪಂದಿತ್ಯವನ್ನು
pakisthana,ಪಾಕಿಸ್ತಾನ,ಪಾಕಿಸ್ಥಾನ
pakistanakke,ಪಾಕಿಸ್ತಾನಕ್ಕೆ,ಪಾಕಿಸ್ಥಕನ್ನು
pakisthanakke,ಪಾಕಿಸ್ತಾನಕ್ಕೆ,ಪಾಕಿಸ್ಥಕನ್ನು
pakistanada,ಪಾಕಿಸ್ತಾನದ,ಪಾಜಿಸ್ತಾನದ
pakisthanada,ಪಾಕಿಸ್ತಾನದ,ಪಾಕಿತ್ಸ್ಯನದ
paakistaan,ಪಾಕಿಸ್ತಾನ್,ಪಾಕಿಸ್ಟಾನ್
pakistan,ಪಾಕಿಸ್ತಾನ್,ಪ್ಯಾಕಿಸ್ಟನ್
pakisthan,ಪಾಕಿಸ್ತಾನ್,ಪಾಕಿಸ್ಟಾನ್
paqistan,ಪಾಕಿಸ್ತಾನ್,ಪ್ಯಾಕಿಸ್ಟನ್
paatre,ಪಾತ್ರೆ,ಪಾಟ್ರೆ
patre,ಪಾತ್ರೆ,ಪತ್ರೆ
patregalanu,ಪಾತ್ರೆಗಳನ್ನು,ಪತ್ರೆಗಳನ್ನು
patrege,ಪಾತ್ರೆಗೆ,ಪತ್ರೆಗೆ
patreyannu,ಪಾತ್ರೆಯನ್ನು,ಪತ್ರೆಯನ್ನು
paashchaatya,ಪಾಶ್ಚಾತ್ಯ,ಪಾಶ್ಚತ್ಯ
pashchatya,ಪಾಶ್ಚಾತ್ಯ,ಪಾಶ್ಚತ್ಯ
piteelina,ಪಿಟೀಲಿನ,ಪೀಟೆಲಿನ
pitilina,ಪಿಟೀಲಿನ,ಪೀಟಿಲಿನ
piyar,ಪಿಯರ್,ಪಿಯಾರ್
pudigalu,ಪುಡಿಗಳು,ಪುದಿಗಳು
pudige,ಪುಡಿಗೆ,ಪುದಿಗೆ
pudiya,ಪುಡಿಯ,ಪುದಿಯ
pudiyannu,ಪುಡಿಯನ್ನು,ಪುದಿಯನ್ನು
punya,ಪುಣ್ಯ,ಪುನ್ಯ
punyam,ಪುಣ್ಯ,ಪುನ್ಯಂ
punyada,ಪುಣ್ಯದ,ಪುನ್ಯದ
putrana,ಪುತ್ರನ,ಪುತ್ರಣ
putranannu,ಪುತ್ರನನ್ನು,ಪುತ್ರಣನ್ನು
putrane,ಪುತ್ರನೇ,ಪುತ್ರಣೆ
putranee,ಪುತ್ರನೇ,ಪುತ್ರೇಣಿ
pura,ಪುರ,ಪುರಾ
poorvatayari,ಪೂರ್ವತಯಾರಿ,ಪೂರ್ವತಾಯರಿ
purvatayari,ಪೂರ್ವತಯಾರಿ,ಪೂರ್ವತಾಯರಿ
poorvasiddata,ಪೂರ್ವಸಿದ್ಧತಾ,ಪೂರ್ವವಿದ್ದ
purvasiddata,ಪೂರ್ವಸಿದ್ಧತಾ,ಪೂರ್ವವಿದ್ದ
purvasiddataa,ಪೂರ್ವಸಿದ್ಧತಾ,ಪೂರ್ವವಿದ್ದಾತ
purvasiddatha,ಪೂರ್ವಸಿದ್ಧತಾ,ಪೂರ್ವವಿದ್ದಿತ
purvasiddathaa,ಪೂರ್ವಸಿದ್ಧತಾ,ಪೂರ್ವವಿದ್ಧಾತ
purvasiddhata,ಪೂರ್ವಸಿದ್ಧತಾ,ಪೂರ್ವವಿದ್ಧತ
petroleum,ಪೆಟ್ರೋಲಿಯಂ,ಪೆಟ್ರೊಲೆಯಂ
penicilin,ಪೆನಿಸಿಲಿನ್,ಪೆನ್ಸಿನಿಲ್
pi,ಪೈ,ಪೀ
pie,ಪೈ,ಪೀ
pailat,ಪೈಲಟ್,ಪೈಲಾಟ್
pilot,ಪೈಲಟ್,ಪಿಲಿಟ್
pottana,ಪೊಟ್ಟಣ,ಪಟ್ಟಣ
pottanagalu,ಪೊಟ್ಟಣಗಳು,ಪಟ್ಟಣಗಳು
pottanada,ಪೊಟ್ಟಣದ,ಪಟ್ಟಣದ
pottanadalli,ಪೊಟ್ಟಣದಲ್ಲಿ,ಪಟ್ಟಣದಲ್ಲಿ
porchugisaru,ಪೋರ್ಚುಗೀಸರು,ಪೂರ್ಚುಗಿರುವ
portuguesaru,ಪೋರ್ಚುಗೀಸರು,ಪೋರ್ಚುಗೊಂಡರು
portugueseru,ಪೋರ್ಚುಗೀಸರು,ಪೋರ್ಚುಗೀರುವ
paaula,ಪೌಲಾ,ಪಾಲು
paaulaa,ಪೌಲಾ,ಪಾಲ್ಯಾ
paula,ಪೌಲಾ,ಪೌಲ
pranab,ಪ್ರಣಬ್,ಪ್ರಣಾಬ್
pranabh,ಪ್ರಣಬ್,ಪ್ರಣಾಭ
pratap,ಪ್ರತಾಪ್,ಪ್ರಾಟರ್
pratijaivikagalannu,ಪ್ರತಿಜೈವಿಕಗಳನ್ನು,ಪ್ರತಿನಿಧಿಕವಾಗಿನ
prathibaari,ಪ್ರತಿಬಾರಿ,ಪ್ರತಿಭಾರಿ
prathibari,ಪ್ರತಿಬಾರಿ,ಪ್ರತಿಭಾರಿ
pratibaari,ಪ್ರತಿಬಾರಿ,ಪ್ರತಿಭಾರಿ
pratibari,ಪ್ರತಿಬಾರಿ,ಪ್ರತಿಭಾರಿ
prathirakshana,ಪ್ರತಿರಕ್ಷಣಾ,ಪ್ರತಿರಾಕ್ಷಣ
prathirakshanaa,ಪ್ರತಿರಕ್ಷಣಾ,ಪ್ರತಿರಾಕ್ಷಣ
pratirakshana,ಪ್ರತಿರಕ್ಷಣಾ,ಪ್ರತಿರಾಕ್ಷಣ
pratirakshanaa,ಪ್ರತಿರಕ್ಷಣಾ,ಪ್ರತಿರಾಕ್ಷಣಾ
prathivarsha,ಪ್ರತಿವರ್ಷ,ಪ್ರತಿವಾರ್ಷ
prativarsha,ಪ್ರತಿವರ್ಷ,ಪ್ರತಿವಾರ್ಷ
pratiwarsha,ಪ್ರತಿವರ್ಷ,ಪ್ರತಿವಾರ್ಷ
prati,ಪ್ರತೀ,ಪ್ರತಿ
prabhat,ಪ್ರಭಾತ್,ಪ್ರಭಾಥ್
prameya,ಪ್ರಮೇಯ,ಪ್ರಮೆಯ
pravardhamaanakke,ಪ್ರವರ್ಧಮಾನಕ್ಕೆ,ಪ್ರವರ್ಧನಕ್ಕೆ
pravardhamanakke,ಪ್ರವರ್ಧಮಾನಕ್ಕೆ,ಪ್ರವರ್ಧನಕ್ಕೆ
pravahagalu,ಪ್ರವಾಹಗಳು,ಪ್ರವಾಣಗಳು
pravahadalli,ಪ್ರವಾಹದಲ್ಲಿ,ಪ್ರವಾದಲಲ್ಲಿ
prasanta,ಪ್ರಶಾಂತ,ಪ್ರಸಂತ
prashaanta,ಪ್ರಶಾಂತ,ಪ್ರಸಂತ
prashanta,ಪ್ರಶಾಂತ,ಪ್ರಸಂತ
prasant,ಪ್ರಶಾಂತ್,ಪ್ರಸಂತ
prashant,ಪ್ರಶಾಂತ್,ಪ್ರಶಂತ
prastaavanegalu,ಪ್ರಸ್ತಾವನೆಗಳು,ಪ್ರಸ್ತಾವಣೆಗಳು
prastavanegalu,ಪ್ರಸ್ತಾವನೆಗಳು,ಪ್ರಸ್ತಾವಣೆಗಳು
prasthaavanegalu,ಪ್ರಸ್ತಾವನೆಗಳು,ಪ್ರಸ್ತಾವಣೆಗಳು
prasthavanegalu,ಪ್ರಸ್ತಾವನೆಗಳು,ಪ್ರಸ್ತಾವಣೆಗಳು
prastaavaneyannu,ಪ್ರಸ್ತಾವನೆಯನ್ನು,ಪ್ರಸ್ತಾವಣೆಯನ್ನು
prastavaneyannu,ಪ್ರಸ್ತಾವನೆಯನ್ನು,ಪ್ರಸ್ತಾವಣೆಯನ್ನು
prasthaavaneyannu,ಪ್ರಸ್ತಾವನೆಯನ್ನು,ಪ್ರಸ್ತಾವಣೆಯನ್ನು
prasthavaneyannu,ಪ್ರಸ್ತಾವನೆಯನ್ನು,ಪ್ರಸ್ತಾವಣೆಯನ್ನು
prahlad,ಪ್ರಹ್ಲಾದ್,ಪ್ರಾಯ್ಲದ್
pralhad,ಪ್ರಹ್ಲಾದ್,ಪ್ರಾಲಾದ್
praanteeya,ಪ್ರಾಂತೀಯ,ಪ್ರಾಂತಿಯ
prantiya,ಪ್ರಾಂತೀಯ,ಪ್ರಾಂತಿಯ
praakruta,ಪ್ರಾಕೃತ,ಪ್ರಕೃತ
praakrutha,ಪ್ರಾಕೃತ,ಪ್ರಕೃತ
prakruta,ಪ್ರಾಕೃತ,ಪ್ರಕೃತ
praashastya,ಪ್ರಾಶಸ್ತ್ಯ,ಪ್ರಶಸ್ತ್ಯ
prasastya,ಪ್ರಾಶಸ್ತ್ಯ,ಪ್ರಶಸ್ತಿಯ
prashastya,ಪ್ರಾಶಸ್ತ್ಯ,ಪ್ರಶಸ್ತ
praashastyavannu,ಪ್ರಾಶಸ್ತ್ಯವನ್ನು,ಪ್ರಶಸ್ತಿಯವನ್ನು
prashastyavannu,ಪ್ರಾಶಸ್ತ್ಯವನ್ನು,ಪ್ರಶಸ್ತಿಯವನ್ನು
preest,ಪ್ರೀಸ್ಟ್,ಪ್ರೆಸ್ಟ್
priest,ಪ್ರೀಸ್ಟ್,ಪ್ರೆಯ್ಸ್ಟ್
priiest,ಪ್ರೀಸ್ಟ್,ಪ್ರಿಯೆಟ್ಸ್
prootaan,ಪ್ರೋಟಾನ್,ಪ್ರೋಟ್ಯಾಂಜ್
prootan,ಪ್ರೋಟಾನ್,ಪ್ರೋಟನ್
prootoon,ಪ್ರೋಟಾನ್,ಪ್ರೋಟಮ್
protaan,ಪ್ರೋಟಾನ್,ಪ್ರೋಟನ್
protan,ಪ್ರೋಟಾನ್,ಪ್ರೋಟನ್
proton,ಪ್ರೋಟಾನ್,ಪ್ರೋಟನ್
play,ಪ್ಲೇ,ಪ್ಲಾಯ್
phalitaamsha,ಫಲಿತಾಂಶ,ಫಲ್ಲೇಕಾಸ
phalitansha,ಫಲಿತಾಂಶ,ಫಲ್ಲೇಶ್ಣ
phalitaamshagalu,ಫಲಿತಾಂಶಗಳು,ಫಲ್ಲಿಕಾಶಗಳು
phalitanshagalu,ಫಲಿತಾಂಶಗಳು,ಫಲ್ಲಿಕಾಂತಗಳು
phalitaamshada,ಫಲಿತಾಂಶದ,ಫಲಿತಂಸದ
phalitanshada,ಫಲಿತಾಂಶದ,ಫಲಿತಂಶದ
phalitaamshadalli,ಫಲಿತಾಂಶದಲ್ಲಿ,ಫಲ್ಯಿಕಾಶದಲ್ಲಿ
phalitanshadalli,ಫಲಿತಾಂಶದಲ್ಲಿ,ಫಲ್ಲಿಕಾಂಡಲಿ
phalitanshadinda,ಫಲಿತಾಂಶದಿಂದ,ಫಲಿತಂಠ್ಯಿತಿಯ
phalitanshavannu,ಫಲಿತಾಂಶವನ್ನು,ಫಲಿತಂಠ್ರನವು
phalitanshavagide,ಫಲಿತಾಂಶವಾಗಿದೆ,ಫಲಿತಂಠವಾಗಿದೆ
phalitaamshavu,ಫಲಿತಾಂಶವು,ಫಲಿತಂಸವರು
phalitaamshawu,ಫಲಿತಾಂಶವು,ಫಲಿತಂಸವು
phalitanshavu,ಫಲಿತಾಂಶವು,ಫಲ್ಲೇಶ್ಣವು
faalls,ಫಾಲ್ಸ್,ಫಲ್ಸ್
falls,ಫಾಲ್ಸ್,ಫಲ್ಸ್
fals,ಫಾಲ್ಸ್,ಫಲ್ಸ್
phalls,ಫಾಲ್ಸ್,ಫಲ್ಸ್
faasphet,ಫಾಸ್ಫೇಟ್,ಫಾಸ್ಟೆಟ್
fasphet,ಫಾಸ್ಫೇಟ್,ಫಾಸ್ಟೆಟ್
fosfate,ಫಾಸ್ಫೇಟ್,ಫೋಸ್ಪೇಟ್
phaasfate,ಫಾಸ್ಫೇಟ್,ಫಾಶ್ಪತೆ
phosphaate,ಫಾಸ್ಫೇಟ್,ಫಾಸ್ಟಾಫ್
phosphate,ಫಾಸ್ಫೇಟ್,ಫಾಸ್ಟೇಟ್
phosphatee,ಫಾಸ್ಫೇಟ್,ಫಾಸ್ಟೇಟ್
phosphete,ಫಾಸ್ಫೇಟ್,ಫಾಸ್ಟೆಟ್
fit,ಫಿಟ್,ಫೀಟ್
phit,ಫಿಟ್,ಫೀಟ್
firoz,ಫಿರೋಜ್,ಫಿರಾಜ್
fir,ಫಿರ್,ಫರ್
phir,ಫಿರ್,ಫರ್
faeri,ಫೇರಿ,ಫರಿ
faery,ಫೇರಿ,ಫರ್
fairi,ಫೇರಿ,ಫರಿ
fairy,ಫೇರಿ,ಫರಿ
pheri,ಫೇರಿ,ಫರಿ
five,ಫೈವ್,ಫಿವ್
fiwe,ಫೈವ್,ಫಿವ್
phive,ಫೈವ್,ಫಿವ್
photogalannu,ಫೋಟೋಗಳನ್ನು,ಫೋಟುಗಳನ್ನು
faundation,ಫೌಂಡೇಷನ್,ಫೌಂಡೇಶನ್
foundation,ಫೌಂಡೇಷನ್,ಫೌಂಡೇಶನ್
phoundation,ಫೌಂಡೇಷನ್,ಫೌಂಡೇಶನ್
phoundeshan,ಫೌಂಡೇಷನ್,ಫೌಂಡೇಶನ್
batta,ಬತ್ತ,ಬಟ್ಟ
battha,ಬತ್ತ,ಬಟ್ಟ
battada,ಬತ್ತದ,ಬಟ್ಟದ
batthada,ಬತ್ತದ,ಬಟ್ಟದ
batti,ಬತ್ತಿ,ಬಟ್ಟಿ
batthiyannu,ಬತ್ತಿಯನ್ನು,ಬಟ್ಟಿಯನ್ನು
battiyannu,ಬತ್ತಿಯನ್ನು,ಬಟ್ಟಿಯನ್ನು
badalaaguvudu,ಬದಲಾಗುವುದು,ಬದಲಾಗಬುದು
badalaadaroo,ಬದಲಾದರೂ,ಬದಲಾದಾರು
badaladaru,ಬದಲಾದರೂ,ಬದಲಾದರು
badalaadare,ಬದಲಾದರೆ,ಬದಲಾದಾರೆ
badi,ಬದಿ,ಬಡಿ
badigalannu,ಬದಿಗಳನ್ನು,ಬಡಿಗಳನ್ನು
badiyalli,ಬದಿಯಲ್ಲಿ,ಬಡಿಯಲ್ಲಿ
badiyalloo,ಬದಿಯಲ್ಲೂ,ಬಡಿಯಲ್ಲೂ
badiyallu,ಬದಿಯಲ್ಲೂ,ಬಡಿಯಲ್ಲೂ
badiyinda,ಬದಿಯಿಂದ,ಬಡಿಯಿಂದ
badda,ಬದ್ಧ,ಬಡ್ಧ
baddha,ಬದ್ಧ,ಬಡ್ಧ
baddanaagi,ಬದ್ಧನಾಗಿ,ಬಡ್ಡನಾಗಿ
baddhanaagi,ಬದ್ಧನಾಗಿ,ಬಡ್ಧನಾಗಿ
baddhanagi,ಬದ್ಧನಾಗಿ,ಬಡ್ಧನಾಗಿ
banada,ಬನದ,ಬಾಣದ
banavaasiya,ಬನವಾಸಿಯ,ಬಾಣವಸಿಯ
banavasiya,ಬನವಾಸಿಯ,ಬಾಣವಸಿಯ
banavaasiyalli,ಬನವಾಸಿಯಲ್ಲಿ,ಬಾಣವಾಹಿಯಲ್ಲಿ
banavasiyalli,ಬನವಾಸಿಯಲ್ಲಿ,ಬಾಣವಿಸಲಿಯಲ್ಲಿ
banaaras,ಬನಾರಸ್,ಬನಾರಾಸ್
banaras,ಬನಾರಸ್,ಬನರ್ಸ್
bayalina,ಬಯಲಿನ,ಬಾಯಲಿನ
bara,ಬರ,ಬಾರಾ
barade,ಬರದೆ,ಬರದೇ
baramadikondu,ಬರಮಾಡಿಕೊಂಡು,ಬರಮಡಿಕೊಂಡು
barahagaarthi,ಬರಹಗಾರ್ತಿ,ಬರಹಗಾರಿತಿ
barahagaarti,ಬರಹಗಾರ್ತಿ,ಬರಹಗಾರಿತಿ
barahagarthi,ಬರಹಗಾರ್ತಿ,ಬರಹಗಾರಿತಿ
barahagarti,ಬರಹಗಾರ್ತಿ,ಬರಹಗಾರಿತಿ
baruttiddare,ಬರುತ್ತಿದ್ದರೆ,ಬರುತ್ತಿದ್ದಾರೆ
bare,ಬರೆ,ಬರಿಯ
barmadalli,ಬರ್ಮಾದಲ್ಲಿ,ಬರ್ಮದಲ್ಲಿ
burmadalli,ಬರ್ಮಾದಲ್ಲಿ,ಬುರ್ಮದಲ್ಲಿ
balakke,ಬಲಕ್ಕೆ,ಬಳಕ್ಕೆ
balagalannu,ಬಲಗಳನ್ನು,ಬಳಗಳನ್ನು
balavagi,ಬಲವಾಗಿ,ಬಾಲವಾಗಿ
balavu,ಬಲವು,ಬಾಲವು
balasikollalaagutthitthu,ಬಳಸಿಕೊಳ್ಳಲಾಗುತ್ತಿತ್ತು,ಬಳಸಿಕೊಳ್ಳಲಾಗುತ್ತಿದ್ದು
balasikollalaguttide,ಬಳಸಿಕೊಳ್ಳಲಾಗುತ್ತಿತ್ತು,ಬಳಸಿಕೊಳ್ಳಲಾಗುತ್ತದೆ
balasikollalaguttittu,ಬಳಸಿಕೊಳ್ಳಲಾಗುತ್ತಿತ್ತು,ಬಳಸಿಕೊಳ್ಳಲಾಗಿತ್ತುತ್ತದೆ
balasikollalaagutthide,ಬಳಸಿಕೊಳ್ಳಲಾಗುತ್ತಿದೆ,ಬಳಸಿಕೊಳ್ಳಲಾಗುತ್ತದೆ
balasikollalaaguttide,ಬಳಸಿಕೊಳ್ಳಲಾಗುತ್ತಿದೆ,ಬಳಸಿಕೊಳ್ಳಲಾಗುತ್ತದೆ
balasikollalaguttide,ಬಳಸಿಕೊಳ್ಳಲಾಗುತ್ತಿದೆ,ಬಳಸಿಕೊಳ್ಳಲಾಗುತ್ತದೆ
basidu,ಬಸಿದು,ಬಾಸಿದು
bas,ಬಸ್,ಬಾಸ್
bus,ಬಸ್,ಬುಸ್
basnalli,ಬಸ್ನಲ್ಲಿ,ಬಾಸ್ಲಲ್ಲಿ
busnalli,ಬಸ್ನಲ್ಲಿ,ಬೆಸ್ಜಲ್ಲಿ
baandhavyagalu,ಬಾಂಧವ್ಯಗಳು,ಬಂಧವ್ಯಗಳು
bandhavyagalu,ಬಾಂಧವ್ಯಗಳು,ಬಂಧವಾಳಗಳು
baandhavyavannu,ಬಾಂಧವ್ಯವನ್ನು,ಬಂಧವ್ಯವನ್ನು
bandhavyavannu,ಬಾಂಧವ್ಯವನ್ನು,ಬಂಧವ್ಯವನ್ನು
bambugalannu,ಬಾಂಬುಗಳನ್ನು,ಬಂಬುಗಳನ್ನು
bombugalannu,ಬಾಂಬುಗಳನ್ನು,ಬೊಂಬುಗಳನ್ನು
bambugalu,ಬಾಂಬುಗಳು,ಬಂಬುಗಳು
bombugalu,ಬಾಂಬುಗಳು,ಬೊಂಬುಗಳು
bombayalli,ಬಾಂಬೆಯಲ್ಲಿ,ಬೊಂಬಾಯಲ್ಲಿ
bombayyalli,ಬಾಂಬೆಯಲ್ಲಿ,ಬೊಂಬಾಯಿಯಲ್ಲಿ
bombeyalli,ಬಾಂಬೆಯಲ್ಲಿ,ಬೊಂಬೆಯಲ್ಲಿ
baagilininda,ಬಾಗಿಲಿನಿಂದ,ಬಾಗಿನಿಲ್ಲಿನ
bagilininda,ಬಾಗಿಲಿನಿಂದ,ಬಾಗಿನಿಲಿಂದ
bagevadi,ಬಾಗೇವಾಡಿ,ಬಗೆವಾಡಿ
bagewadi,ಬಾಗೇವಾಡಿ,ಬಗೆವಾಡಿ
badige,ಬಾಡಿಗೆ,ಬಡಿಗೆ
badigege,ಬಾಡಿಗೆಗೆ,ಬಡಿಗೆಗೆ
baanaavara,ಬಾಣಾವರ,ಬಾನಾವರ
banavara,ಬಾಣಾವರ,ಬಾಣವರ
baabthu,ಬಾಬ್ತು,ಬಂಧು
babtu,ಬಾಬ್ತು,ಬಂದು
baarayya,ಬಾರಯ್ಯ,ಬಾರಾಯ್ಯ
barayya,ಬಾರಯ್ಯ,ಬಾರಾಯ್ಯ
bari,ಬಾರಿ,ಬರಿ
baleya,ಬಾಳೆಯ,ಬಳೆಯ
baavali,ಬಾವಲಿ,ಬಾವಾಲಿ
bavali,ಬಾವಲಿ,ಬಾವಳಿ
baasel,ಬಾಸೆಲ್,ಬಾಸಲ್
basel,ಬಾಸೆಲ್,ಬಸೆಲ್
bosel,ಬಾಸೆಲ್,ಬೋಸೆಲ್
baahu,ಬಾಹು,ಬಹು
bahu,ಬಾಹು,ಬಹು
baahugala,ಬಾಹುಗಳ,ಬಹುಗಳ
bahugala,ಬಾಹುಗಳ,ಬಹುಗಳ
baahubaliya,ಬಾಹುಬಲಿಯ,ಬಹುಬಾಳಿಯ
bahubaliya,ಬಾಹುಬಲಿಯ,ಬಹುಬಾಳಿಯ
bittukoduvante,ಬಿಟ್ಟುಕೊಡುವಂತೆ,ಬಿಟ್ಟುಕೊಳ್ಳುವಂತೆ
bittukoduvanthe,ಬಿಟ್ಟುಕೊಡುವಂತೆ,ಬಿಟ್ಟುಕೊಳ್ಳುವಂತೆ
bidi,ಬಿಡಿ,ಬೀದಿ
bila,ಬಿಲ,ಬೀಳ
bill,ಬಿಲ್ಲು,ಬಿಲ್
bihaara,ಬಿಹಾರ,ಬೀಹಾರ
bihar,ಬಿಹಾರ,ಬೈರ್
bihara,ಬಿಹಾರ,ಬೀಹರ
bihaarada,ಬಿಹಾರದ,ಭೀಹಾರದ
biharada,ಬಿಹಾರದ,ಭೀಹರಾದ
beagle,ಬೀಗಲ್,ಬೆಗಲ್
begle,ಬೀಗಲ್,ಬೆಗ್ಳೆ
beam,ಬೀನ್,ಬೀಮ್
buddhijivigalu,ಬುದ್ಧಿಜೀವಿಗಳು,ಬುದ್ಧಿಯಿಂದಿಗೆ
buddijeevigalu,ಬುದ್ಧಿಜೀವಿಗಳು,ಬುದ್ಧಿಯಿಂದಲೂ
buddijivigalu,ಬುದ್ಧಿಜೀವಿಗಳು,ಬುದ್ಧಿಯಿಂದಿಗೆ
boots,ಬೂಟ್ಸ್,ಬೌಟ್ಸ್
buuts,ಬೂಟ್ಸ್,ಬುಟ್ಸ್
budu,ಬೂದು,ಬೂಡು
bendaagi,ಬೆಂಡಾಗಿ,ಬೆಂದಾಗಿ
bendagi,ಬೆಂಡಾಗಿ,ಬೆಂದಾಗಿ
bend,ಬೆಂಡ್,ಬೆಂದ್
beligye,ಬೆಳಿಗ್ಯೆ,ಬೆಳಿಗೆ
bekaadaru,ಬೇಕಾದರು,ಬೇಕಾದರೂ
bekadaru,ಬೇಕಾದರು,ಬೇಕಾದರೂ
bekaaddu,ಬೇಕಾದ್ದು,ಬೇಕಾದುದು
bekaddu,ಬೇಕಾದ್ದು,ಬೇಕಾದುದು
begam,ಬೇಗಂ,ಬೇಗಮ್
begum,ಬೇಗಂ,ಬೇಗಮ್
begooru,ಬೇಗೂರು,ಬೇಗೋರು
beguru,ಬೇಗೂರು,ಬೇಗುರು
bedara,ಬೇಡರ,ಬೆದರ
bedavaada,ಬೇಡವಾದ,ಬೆಡವಾದ
bedavada,ಬೇಡವಾದ,ಬೆಡವಾದ
bedave,ಬೇಡವೇ,ಬೆಡವೇ
bedti,ಬೇಡ್ತಿ,ಬೆದ್ದಿ
neraava,ಬೇರಾವ,ನೇರಾವ
besattu,ಬೇಸತ್ತು,ಬೆಸತ್ತು
boat,ಬೋಟ್,ಬೂತ್
boet,ಬೋಟ್,ಬೂತ್
bot,ಬೋಟ್,ಬೂತ್
board,ಬೋರ್ಡ್,ಬಾರ್ಡ್
boed,ಬೋರ್ಡ್,ಬೋಡ್
bord,ಬೋರ್ಡ್,ಬಾರ್ಡ್
banarjiyavaru,ಬ್ಯಾನರ್ಜಿಯವರು,ಬಾಣರಿಯಾದವರು
byaanarjiyavaru,ಬ್ಯಾನರ್ಜಿಯವರು,ಬ್ಯಾಮ್ರಾಯಿಯವರು
byanarjiyavaru,ಬ್ಯಾನರ್ಜಿಯವರು,ಬ್ಯಾಮ್ಸಾಯಿಯವರು
britai,ಬ್ರಿಟನ್,ಬ್ರಿಟಿ
britain,ಬ್ರಿಟನ್,ಬ್ರಿಟೇನ್
britainnige,ಬ್ರಿಟನ್ನಿಗೆ,ಬ್ರಿಟೇನಿಗೆ
britannige,ಬ್ರಿಟನ್ನಿಗೆ,ಬ್ರಿಟೇನಿಗೆ
britainnina,ಬ್ರಿಟನ್ನಿನ,ಬ್ರಿಟೇಜಿನ
britannina,ಬ್ರಿಟನ್ನಿನ,ಬ್ರಿಟೇನಿನ
britainninalli,ಬ್ರಿಟನ್ನಿನಲ್ಲಿ,ಬ್ರಿಟಾನಿನಲ್ಲಿ
britanninalli,ಬ್ರಿಟನ್ನಿನಲ್ಲಿ,ಬ್ರಿಟಾನ್ನಿಯಲ್ಲಿ
bret,ಬ್ರೆಟ್,ಬ್ರೇಟ್
bhattavannu,ಭತ್ತವನ್ನು,ಭಟ್ಟವನ್ನು
bharadalli,ಭರದಲ್ಲಿ,ಭಾರದಲ್ಲಿ
bhagavannu,ಭಾಗವನ್ನು,ಭಗವನ್ನು
bhaaradvaaja,ಭಾರದ್ವಾಜ,ಭಾರದ್ವಾಣ
bhaaradwaaja,ಭಾರದ್ವಾಜ,ಭಾರದ್ವಾಣ
bharadwaaja,ಭಾರದ್ವಾಜ,ಭಾರದವಾನ
bharadwaja,ಭಾರದ್ವಾಜ,ಭಾರತವಾನ
bhaaradvaaj,ಭಾರದ್ವಾಜ್,ಭಾರತ್ವಾಗಿ
bhaaradwaaj,ಭಾರದ್ವಾಜ್,ಭಾರತ್ವಾಗಿ
bhaaradwaj,ಭಾರದ್ವಾಜ್,ಭಾರತ್ವಾಗಿ
bhardwaj,ಭಾರದ್ವಾಜ್,ಭರ್ವಾಜ್
bhaavageetegala,ಭಾವಗೀತೆಗಳ,ಭಾವನೆತೆಗಳ
bhaavagitegala,ಭಾವಗೀತೆಗಳ,ಭಾವಗಿತೆಗಳ
bhaavagithegala,ಭಾವಗೀತೆಗಳ,ಭಾವಗಿತೆಗಳ
bhaawageetegala,ಭಾವಗೀತೆಗಳ,ಭಾವನಿಗಳತ್ನಾಳೆ
bhavagitegala,ಭಾವಗೀತೆಗಳ,ಭಾವಗಿತೆಗಳ
bhavagithegala,ಭಾವಗೀತೆಗಳ,ಭಾವಗಿತೆಗಳ
bhaavageetegalu,ಭಾವಗೀತೆಗಳು,ಭಾವನೆಗಳಿಗೆ
bhaavagitegalu,ಭಾವಗೀತೆಗಳು,ಭಾವಗಿತೆಗಳು
bhaavagithegalu,ಭಾವಗೀತೆಗಳು,ಭಾವಗಿತೆಗಳು
bhaawageetagalu,ಭಾವಗೀತೆಗಳು,ಭಾವನಿತಗಳು
bhavagitegalu,ಭಾವಗೀತೆಗಳು,ಭಾವಗಿತೆಗಳು
bhavagithegalu,ಭಾವಗೀತೆಗಳು,ಭಾವಗಿತೆಗಳು
bhaavana,ಭಾವನ,ಭಾವನಾ
bhavana,ಭಾವನ,ಭಾವನಾ
bhaavapradhaanateya,ಭಾವಪ್ರಧಾನತೆಯ,ಭಾವತಾಶಾದ್ಯನದ
bhaavapradhaanatheya,ಭಾವಪ್ರಧಾನತೆಯ,ಭಾವತಾಶಾದ್ಯಕ್ಯದ
bhaavapradhanateya,ಭಾವಪ್ರಧಾನತೆಯ,ಭಾವತಾಶಾದನಾದ
bhaavapradhanatheya,ಭಾವಪ್ರಧಾನತೆಯ,ಭಾವತಾಶಾದ್ಯಂತ
bhavapradhaanateya,ಭಾವಪ್ರಧಾನತೆಯ,ಭಾವಪಾಶ್ಯತದನ್ನೇ
bhavapradhaanatheya,ಭಾವಪ್ರಧಾನತೆಯ,ಭಾವತಾಶಾದ್ಯತೆಯ
bhavapradhanateya,ಭಾವಪ್ರಧಾನತೆಯ,ಭಾವತಾಶಾದನಾದ
bhavapradhanatheya,ಭಾವಪ್ರಧಾನತೆಯ,ಭಾವತಾಶಾದ್ಯನದ
bhaavavu,ಭಾವವು,ಭಾವವೂ
bhavavu,ಭಾವವು,ಭಾವವೂ
bhiksatane,ಭಿಕ್ಷಾಟನೆ,ಭಿಕ್ಷತನೆ
bhikshatane,ಭಿಕ್ಷಾಟನೆ,ಭಿಕ್ಷತನೆ
bhinnaabhipraayagalu,ಭಿನ್ನಾಭಿಪ್ರಾಯಗಳು,ಭಿನ್ನಾಯಿರ್ತಾಯಗಳು
bhinnabhiprayagalu,ಭಿನ್ನಾಭಿಪ್ರಾಯಗಳು,ಭಿನ್ನಭಿರ್ಪಗಳಾಗಿ
bhinnaabhipraayavide,ಭಿನ್ನಾಭಿಪ್ರಾಯವಿದೆ,ಭಿನ್ನಾಭಿಸರ್ಶಲದಿ
bhinnabhiprayavide,ಭಿನ್ನಾಭಿಪ್ರಾಯವಿದೆ,ಭಿನ್ನಭಿರ್ವಹಾದಿಯ
bheemana,ಭೀಮನ,ಭೀಮಾನ
bhimana,ಭೀಮನ,ಭೀಮಾನ
bhimanu,ಭೀಮನು,ಭಿಮನು
bhuvan,ಭುವನ್,ಭೂವನ್
bhoopatavannu,ಭೂಪಟವನ್ನು,ಭೂಪತವನ್ನು
bhupatavannu,ಭೂಪಟವನ್ನು,ಭೂಪತವನ್ನು
bhaugolikavaagi,ಭೌಗೋಳಿಕವಾಗಿ,ಭೂಗೋಲಿಕವಾಗಿ
bhaugolikavagi,ಭೌಗೋಳಿಕವಾಗಿ,ಭೂಗೋಲಿಕವಾಗಿ
bhaugoolikavaagi,ಭೌಗೋಳಿಕವಾಗಿ,ಭೂಗೋಲಿಕವಾಗಿ
bhaugoolikavagi,ಭೌಗೋಳಿಕವಾಗಿ,ಭೂಗೋಲಿಕವಾಗಿ
bhougolikavagi,ಭೌಗೋಳಿಕವಾಗಿ,ಭೂಗೋಲಿಕವಾಗಿ
mangalam,ಮಂಗಳಂ,ಮಂಗಳೂನ್
mandya,ಮಂಡ್ಯ,ಮಂದಿಯ
mandyada,ಮಂಡ್ಯದ,ಮಂದ್ಯದ
mandyadalli,ಮಂಡ್ಯದಲ್ಲಿ,ಮಂಡಿಯಾದಲ್ಲಿ
maganante,ಮಗನಂತೆ,ಮಾಗನಾಂತೆ
maganaagi,ಮಗನಾಗಿ,ಮಾಗನಾಗಿ
maganagi,ಮಗನಾಗಿ,ಮಾಗನಾಗಿ
maganige,ಮಗನಿಗೆ,ಮಗಣಿಗೆ
maganu,ಮಗನೂ,ಮಗನು
magalada,ಮಗಳಾದ,ಮಗಳಲ
majalugalu,ಮಜಲುಗಳು,ಮಾಜಲುಗಳು
mazalugalu,ಮಜಲುಗಳು,ಮಾಜಲುಗಳು
matta,ಮಟ್ಟ,ಮತ್ತ
mattakkinta,ಮಟ್ಟಕ್ಕಿಂತ,ಮತ್ತಕ್ಕಿಂತ
mattakkintha,ಮಟ್ಟಕ್ಕಿಂತ,ಮತ್ತಕ್ಕಿಂತ
mattakkoo,ಮಟ್ಟಕ್ಕೂ,ಮತ್ತಕ್ಕೂ
mattakku,ಮಟ್ಟಕ್ಕೂ,ಮತ್ತಕ್ಕೂ
mattadinda,ಮಟ್ಟದಿಂದ,ಮತ್ತದಿಂದ
mattavannoo,ಮಟ್ಟವನ್ನೂ,ಮತ್ತವನ್ನೂ
mattavannu,ಮಟ್ಟವನ್ನೂ,ಮತ್ತವನ್ನು
mattavu,ಮಟ್ಟವು,ಮತ್ತವು
made,ಮಡೆ,ಮಾಡೆ
matsya,ಮತ್ಸ್ಯ,ಮಾತ್ಸ್ಯ
madakari,ಮದಕರಿ,ಮಾದಕಾರಿ
madras,ಮದ್ರಾಸ್,ಮದರ್ಸ್
madhyantara,ಮಧ್ಯಂತರ,ಮಧ್ಯಂತ್ರ
madhyanthara,ಮಧ್ಯಂತರ,ಮಧ್ಯಂತ್ರ
madhyantarada,ಮಧ್ಯಂತರದ,ಮಧ್ಯಂತ್ರವಾದ
madhyantharada,ಮಧ್ಯಂತರದ,ಮಧ್ಯಂತ್ರವಾದ
madhyantaradalli,ಮಧ್ಯಂತರದಲ್ಲಿ,ಮಧ್ಯಂತ್ರದಲ್ಲಿ
madhyantharadalli,ಮಧ್ಯಂತರದಲ್ಲಿ,ಮಧ್ಯಂತ್ರದಲ್ಲಿ
managandaru,ಮನಗಂಡರು,ಮಾನಗೊಂಡರು
managandidda,ಮನಗಂಡಿದ್ದ,ಮಾನಗೊಂಡಿದ್ದ
managandu,ಮನಗಂಡು,ಮಾನಗೊಂಡು
managundu,ಮನಗಂಡು,ಮಾನಗೊಂದು
maneesh,ಮನೀಶ್,ಮನೇಷ್
manish,ಮನೀಶ್,ಮನಿಷ್
manusmrati,ಮನುಸ್ಮೃತಿ,ಮನುಸ್ಪಾರ್ತಿ
manusmruthi,ಮನುಸ್ಮೃತಿ,ಮನುಸ್ಪಾರಿಲ್
manusmruti,ಮನುಸ್ಮೃತಿ,ಮನುಸ್ಪರ್ಟಿ
manodharma,ಮನೋಧರ್ಮ,ಮನೋಭಾರಕ
manodharmavann,ಮನೋಧರ್ಮವನ್ನು,ಮನೋಭಾರವನ್ನು
manodharmavannu,ಮನೋಧರ್ಮವನ್ನು,ಮನೋಭಾರವನ್ನು
manodharmawannu,ಮನೋಧರ್ಮವನ್ನು,ಮನೋಭಾರವನ್ನು
marujeeva,ಮರುಜೀವ,ಮರುಜಿಯ
marujiva,ಮರುಜೀವ,ಮರುಜಿಯ
marupaavathi,ಮರುಪಾವತಿ,ಮರುಪಾಟವಿ
marupaavati,ಮರುಪಾವತಿ,ಮರುಪಾಟವಿ
marupavathi,ಮರುಪಾವತಿ,ಮರುಪಾಟತಿ
marupavati,ಮರುಪಾವತಿ,ಮರುಪಾಟದಿ
malik,ಮಲಿಕ್,ಮ್ಯಾಲಿಕ್
malegaala,ಮಳೆಗಾಲ,ಮಲೆಗಳ
malegala,ಮಳೆಗಾಲ,ಮಲೆಗಳ
malegalavannu,ಮಳೆಗಾಲವನ್ನು,ಮಲೆಗಳವನ್ನು
mahamadiyara,ಮಹಮ್ಮದೀಯರ,ಮಹಾಮದಿಯರ
mahammadeeyara,ಮಹಮ್ಮದೀಯರ,ಮಹಮ್ಮದೆಯರ
mahammadiyara,ಮಹಮ್ಮದೀಯರ,ಮಹಮ್ಮದಿಯರ
mahaganapati,ಮಹಾಗಣಪತಿ,ಮಹಾನಗಾರಿತಿ
maharajah,ಮಹಾರಾಜ,ಮಹಾರಾಜಯ್
maharazah,ಮಹಾರಾಜ,ಮಹಾರಾಜಯ್
maharajaru,ಮಹಾರಾಜರ,ಮಹಾರಾಜರು
maharashtragalalli,ಮಹಾರಾಷ್ಟ್ರಗಳಲ್ಲಿ,ಮಹರ್ಷಾತ್ರಗಳಲ್ಲಿ
maharastragalalli,ಮಹಾರಾಷ್ಟ್ರಗಳಲ್ಲಿ,ಮಹರ್ಷಾತ್ರಗಳಲ್ಲಿ
maharashtrada,ಮಹಾರಾಷ್ಟ್ರದ,ಮಹರಾಷ್ಟ್ರದ
mahaaraashtradinda,ಮಹಾರಾಷ್ಟ್ರದಿಂದ,ಮಹಾರಾತ್ರದ್ದಿತ
maharashtradinda,ಮಹಾರಾಷ್ಟ್ರದಿಂದ,ಮಹಾರ್ಥಾರ್ಥಿದನ್ನು
maharastradinda,ಮಹಾರಾಷ್ಟ್ರದಿಂದ,ಮಹಾರ್ತ್ರದಿಸ್ದ
maheendraa,ಮಹೀಂದ್ರಾ,ಮಹೇಂದ್ರ
mahindra,ಮಹೀಂದ್ರಾ,ಮಹಿಂದ್ರ
manji,ಮಾಂಜಿ,ಮಂಜಿ
model,ಮಾಡಲ್,ಮೋಡಲ್
maadikondevu,ಮಾಡಿಕೊಂಡೆವು,ಮಾಡಿಕೊಂಡುವು
madikondevu,ಮಾಡಿಕೊಂಡೆವು,ಮಾಡಿಕೊಂಡುವು
maadikonde,ಮಾಡಿಕೊಂಡೇ,ಮಾಡಿಕೊಂಡೆ
madikonde,ಮಾಡಿಕೊಂಡೇ,ಮಾಡಿಕೊಂಡೆ
maadiddaarendu,ಮಾಡಿದ್ದಾರೆಂದು,ಮಾಡಿದ್ದರೆಂದು
maadiddarendu,ಮಾಡಿದ್ದಾರೆಂದು,ಮಾಡಿದ್ದರೆಂದು
madiddaarendu,ಮಾಡಿದ್ದಾರೆಂದು,ಮಾಡಿದ್ದರೆಂದು
madiddarendu,ಮಾಡಿದ್ದಾರೆಂದು,ಮಾಡಿದ್ದರೆಂದು
madirabeku,ಮಾಡಿರಬೇಕು,ಮದುರೆಯಕ್ಕೆ
madisabahudu,ಮಾಡಿಸಬಹುದು,ಮದಿಸಬಹುದು
madisabeku,ಮಾಡಿಸಬೇಕು,ಮಡಿಸಬೇಕು
madisalu,ಮಾಡಿಸಲು,ಮಡಿಸಲು
maduttiro,ಮಾಡುತ್ತೀರೋ,ಮಾಡುತ್ತಿರು
madyul,ಮಾಡ್ಯೂಲ್,ಮಾಡಿಯಲ್
module,ಮಾಡ್ಯೂಲ್,ಮೂಡಲು
matu,ಮಾತು,ಮತು
matugala,ಮಾತುಗಳ,ಮತುಗಳ
mathugalannu,ಮಾತುಗಳನ್ನು,ಮತುಗಳನ್ನು
matugalannu,ಮಾತುಗಳನ್ನು,ಮತುಗಳನ್ನು
maathru,ಮಾತೃ,ಮಾತ್ರೂ
maatru,ಮಾತೃ,ಮಾತ್ರು
mathru,ಮಾತೃ,ಮತ್ರೂ
matru,ಮಾತೃ,ಮಾತ್ರೂ
maadhavaraav,ಮಾಧವರಾವ್,ಮಾಧವಾರರು
madhavaraav,ಮಾಧವರಾವ್,ಮಧವರಾವ್
maanavakulada,ಮಾನವಕುಲದ,ಮಾನವಕಲ್ಲ
manavakulada,ಮಾನವಕುಲದ,ಮಾನವಕಲ್ಲದ
maaraata,ಮಾರಾಟ,ಮರಾಠ
maraata,ಮಾರಾಟ,ಮರಾಠ
marata,ಮಾರಾಟ,ಮರಾಠ
maraatakkaagi,ಮಾರಾಟಕ್ಕಾಗಿ,ಮರಾಠಕ್ಕಾಗಿ
maraatakkagi,ಮಾರಾಟಕ್ಕಾಗಿ,ಮರಾಠಕ್ಕಾಗಿ
maraatakke,ಮಾರಾಟಕ್ಕೆ,ಮರಾಠಕ್ಕೆ
maraatada,ಮಾರಾಟದ,ಮರಾಠದ
maratada,ಮಾರಾಟದ,ಮರಾಟದ
maaratadinda,ಮಾರಾಟದಿಂದ,ಮಾರತದಿಂದ
maraatadinda,ಮಾರಾಟದಿಂದ,ಮರಾಠದಿಂದ
maratadinda,ಮಾರಾಟದಿಂದ,ಮರಾಠದಿಂದ
marcos,ಮಾರ್ಕೊಸ್,ಮಾರ್ಕಸ್
markos,ಮಾರ್ಕೊಸ್,ಮಾರ್ಕಸ್
markvej,ಮಾರ್ಕ್ವೆಜ್,ಮಾರ್ಕ್ವೇಜ್
marquez,ಮಾರ್ಕ್ವೆಜ್,ಮಾರ್ಕೂಲ್
maargareen,ಮಾರ್ಗರೀನ್,ಮಾರ್ಗರೆನ್
margarin,ಮಾರ್ಗರೀನ್,ಮಾರ್ಗರಿನ್
margarine,ಮಾರ್ಗರೀನ್,ಮಾರ್ಗರಿನ್
maarcha,ಮಾರ್ಚ,ಮಾರ್ಚಾ
marcha,ಮಾರ್ಚ,ಮರ್ಚಾ
maarpadisida,ಮಾರ್ಪಡಿಸಿದ,ಮಾರ್ಪದಿಸಿದ
marpadisida,ಮಾರ್ಪಡಿಸಿದ,ಮಾರ್ಪದಿಸಿದ
maarpadisuttade,ಮಾರ್ಪಡಿಸುತ್ತದೆ,ಮಾರ್ಪದಿಸುತ್ತದೆ
marpadisuttade,ಮಾರ್ಪಡಿಸುತ್ತದೆ,ಮಾರ್ಪದಿಸುತ್ತದೆ
maarpadisuva,ಮಾರ್ಪಡಿಸುವ,ಮಾರ್ಪದಿಸುವ
marpadisuva,ಮಾರ್ಪಡಿಸುವ,ಮಾರ್ಪದಿಸುವ
maarpaadu,ಮಾರ್ಪಾಡು,ಮಾರ್ಪದು
maarpadu,ಮಾರ್ಪಾಡು,ಮಾರ್ಪದು
marpaadu,ಮಾರ್ಪಾಡು,ಮಾರ್ಪದು
marpadu,ಮಾರ್ಪಾಡು,ಮಾರ್ಪದು
maarpaadugalannu,ಮಾರ್ಪಾಡುಗಳನ್ನು,ಮಾರ್ಪಾದುಗಳನ್ನು
maarpadugalannu,ಮಾರ್ಪಾಡುಗಳನ್ನು,ಮಾರ್ಪದುಗಳನ್ನು
marpaadugalannu,ಮಾರ್ಪಾಡುಗಳನ್ನು,ಮಾರ್ಪಾದುಗಳನ್ನು
marpadugalannu,ಮಾರ್ಪಾಡುಗಳನ್ನು,ಮಾರ್ಪದುಗಳನ್ನು
maarpaadugalu,ಮಾರ್ಪಾಡುಗಳು,ಮಾರ್ಪಾದುಗಳು
maarpadugalu,ಮಾರ್ಪಾಡುಗಳು,ಮಾರ್ಪದುಗಳು
marpaadugalu,ಮಾರ್ಪಾಡುಗಳು,ಮಾರ್ಪಾದುಗಳು
marpadugalu,ಮಾರ್ಪಾಡುಗಳು,ಮಾರ್ಪದುಗಳು
maalooru,ಮಾಲೂರು,ಮಲೂರು
malooru,ಮಾಲೂರು,ಮಲೂರು
maluru,ಮಾಲೂರು,ಮಲುರೂ
maleyannu,ಮಾಲೆಯನ್ನು,ಮಳೆಯನ್ನು
maleyalli,ಮಾಲೆಯಲ್ಲಿ,ಮಲೆಯಲ್ಲಿ
maavinakaayi,ಮಾವಿನಕಾಯಿ,ಮಾವಿಕಾನಿ
mavinakayi,ಮಾವಿನಕಾಯಿ,ಮವಿನಾಚಾಯಿ
mickei,ಮಿಕ್ಕಿ,ಮೈಕಿ
mickey,ಮಿಕ್ಕಿ,ಮೈಕಿ
micqey,ಮಿಕ್ಕಿ,ಮೈಕಿ
mikkey,ಮಿಕ್ಕಿ,ಮೈಕಿ
mirza,ಮಿರ್ಜಾ,ಮೀರ್ಜ
mil,ಮಿಲ್,ಮೈಲ್
minakshi,ಮೀನಾಕ್ಷಿ,ಮೀಣಾಕ್ಷಿ
mumbaige,ಮುಂಬಯಿಗೆ,ಮುಂಬೈಗೆ
mumbayige,ಮುಂಬಯಿಗೆ,ಮುಂಬಾಯಿಗೆ
mumbaiya,ಮುಂಬಯಿಯ,ಮುಂಬೈಯ
mumbayiya,ಮುಂಬಯಿಯ,ಮುಂಬಾಯಿಯ
mumbaiyalli,ಮುಂಬಯಿಯಲ್ಲಿ,ಮುಂಬೈಯಲ್ಲಿ
mumbayiyalli,ಮುಂಬಯಿಯಲ್ಲಿ,ಮುಂಬಾಯಿಯಲ್ಲಿ
mumbaiyinda,ಮುಂಬಯಿಯಿಂದ,ಮುಂಬಾಯಿಯಿಂದ
mumbayiyinda,ಮುಂಬಯಿಯಿಂದ,ಮುಂಬಾಯಿಯಿಂದ
mukuta,ಮುಕುಟ,ಮುಕುತ
mukhaantaravaagi,ಮುಖಾಂತರವಾಗಿ,ಮುಖಂತರವಾಗಿ
mukhaantaravagi,ಮುಖಾಂತರವಾಗಿ,ಮುಖಂತರವಾಗಿ
mukhaantarawaagi,ಮುಖಾಂತರವಾಗಿ,ಮುಖಂತರವಾಗಿ
mukhantaravagi,ಮುಖಾಂತರವಾಗಿ,ಮುಖಂತರವಾಗಿ
mukhena,ಮುಖೇನ,ಮುಖ್ಯನ
mukhyastha,ಮುಖ್ಯಸ್ಥ,ಮುಖ್ಯಾಸ್ಥ
mukhyasthana,ಮುಖ್ಯಸ್ಥನ,ಮುಖ್ಯಾಸ್ಥನ
mukhyasthanaada,ಮುಖ್ಯಸ್ಥನಾದ,ಮುಖ್ಯಾಸ್ಥಾನದ
mukhyasthanada,ಮುಖ್ಯಸ್ಥನಾದ,ಮುಖ್ಯಾಸ್ಥಾನದ
mukhyasthara,ಮುಖ್ಯಸ್ಥರ,ಮುಖ್ಯಶಾಸ್ತರ
mukhyastharaagi,ಮುಖ್ಯಸ್ಥರಾಗಿ,ಮುಖ್ಯಾಸ್ತರಾಗಿ
mukhyastharagi,ಮುಖ್ಯಸ್ಥರಾಗಿ,ಮುಖ್ಯಾಸ್ತರಾಗಿ
mukhyastharige,ಮುಖ್ಯಸ್ಥರಿಗೆ,ಮುಖ್ಯಾಂತರಿಗೆ
mukhyastharu,ಮುಖ್ಯಸ್ಥರು,ಮುಖ್ಯಾಸ್ತರು
muruku,ಮುರುಕು,ಮೂರುಕು
moslem,ಮುಸ್ಲಿಂ,ಮಾಸ್ಲಿಯನ್
muslim,ಮುಸ್ಲಿಂ,ಮುಸ್ಲಿಯನ್
moolangi,ಮೂಲಂಗಿ,ಮೂಲಾಂಜಿ
mulangi,ಮೂಲಂಗಿ,ಮೂಲಾಂಗಿ
mulegalalli,ಮೂಲೆಗಳಲ್ಲಿ,ಮುಳೆಗಳಲ್ಲಿ
mulegalinda,ಮೂಲೆಗಳಿಂದ,ಮುಳೆಗಳಿಂದ
muleya,ಮೂಲೆಯ,ಮುಲ್ಯೆಯ
muleyalli,ಮೂಲೆಯಲ್ಲಿ,ಮುಳೆಯಲ್ಲಿ
moolegala,ಮೂಳೆಗಳ,ಮೂಲೆಗಳ
mulegala,ಮೂಳೆಗಳ,ಮುಲೆಗಳ
moolegalalli,ಮೂಳೆಗಳಲ್ಲಿ,ಮೂಲೆಗಳಲ್ಲಿ
mulegalalli,ಮೂಳೆಗಳಲ್ಲಿ,ಮುಳೆಗಳಲ್ಲಿ
moolege,ಮೂಳೆಗೆ,ಮೊಲೆಗೆ
mulege,ಮೂಳೆಗೆ,ಮುಳೆಗೆ
mooleyannu,ಮೂಳೆಯನ್ನು,ಮೂಲೆಯನ್ನು
muleyannu,ಮೂಳೆಯನ್ನು,ಮುಲ್ಯೆಯನ್ನು
mekkalu,ಮೆಕ್ಕಲು,ಮೆಕ್ಕಳು
maetro,ಮೆಟ್ರೋ,ಮೈತ್ರೋ
medicin,ಮೆಡಿಸಿನ್,ಮೆಡಿಕಿನ್
medicine,ಮೆಡಿಸಿನ್,ಮೆಡಿಕೆನ್
melu,ಮೆಲು,ಮೇಲು
meyalu,ಮೇಯಲು,ಮೆಯಲು
mera,ಮೇರಾ,ಮೆರಾ
meraa,ಮೇರಾ,ಮೆರಾ
melagi,ಮೇಲಾಗಿ,ಮೇಲಗಿ
meelee,ಮೇಲೇ,ಮೇಲಿ
mele,ಮೇಲೇ,ಮೇಲೆ
meeloogara,ಮೇಲೋಗರ,ಮೇಲ್ಗೋರ
melogara,ಮೇಲೋಗರ,ಮೇಲೋಗಾರ
meloogara,ಮೇಲೋಗರ,ಮೇಲೋಗಾರ
meelmai,ಮೇಲ್ಮೈ,ಮೇಲ್ಮಿ
melmey,ಮೇಲ್ಮೈ,ಮೇಲ್ಮೆ
meelmaige,ಮೇಲ್ಮೈಗೆ,ಮೇಲ್ಮಿಗೆ
melmaige,ಮೇಲ್ಮೈಗೆ,ಮೇಲನಿಗೆ
melmeyge,ಮೇಲ್ಮೈಗೆ,ಮೇಲನೆಗೆ
meelmainalli,ಮೇಲ್ಮೈನಲ್ಲಿ,ಮೇಲ್ಮಿನಲ್ಲಿ
melmainalli,ಮೇಲ್ಮೈನಲ್ಲಿ,ಮೇಲ್ಮಿನಲ್ಲಿ
melmeynalli,ಮೇಲ್ಮೈನಲ್ಲಿ,ಮೇಲ್ಮೆನಲ್ಲಿ
melmeya,ಮೇಲ್ಮೈಯ,ಮೇಲ್ಮೆಯ
meelmaiyannu,ಮೇಲ್ಮೈಯನ್ನು,ಮೇಲ್ಮಿಯನ್ನು
melmaiyannu,ಮೇಲ್ಮೈಯನ್ನು,ಮೇಲ್ಮಿಯನ್ನು
melmeyannu,ಮೇಲ್ಮೈಯನ್ನು,ಮೇಲನೆಯನ್ನು
meelmaiyalli,ಮೇಲ್ಮೈಯಲ್ಲಿ,ಮೇಲ್ಮಿಯಲ್ಲಿ
melmaiyalli,ಮೇಲ್ಮೈಯಲ್ಲಿ,ಮೇಲ್ಮಿಯಲ್ಲಿ
melmeyalli,ಮೇಲ್ಮೈಯಲ್ಲಿ,ಮೇಲುನೆಯಲ್ಲಿ
meelmaiyyu,ಮೇಲ್ಮೈಯು,ಮೇಲ್ಮೈಯಿಯ
melmaiyyu,ಮೇಲ್ಮೈಯು,ಮೇಲ್ಮೈಯಿಯ
melmeyu,ಮೇಲ್ಮೈಯು,ಮೇಲ್ಮೆಯು
meelagala,ಮೇಳಗಳ,ಮೇಲಗಳ
melagala,ಮೇಳಗಳ,ಮೇಲಗಳ
meelagalalli,ಮೇಳಗಳಲ್ಲಿ,ಮೇಲಗಳಲ್ಲಿ
melagalalli,ಮೇಳಗಳಲ್ಲಿ,ಮೇಲಗಳಲ್ಲಿ
meelagalu,ಮೇಳಗಳು,ಮೇಲಗಳು
melagalu,ಮೇಳಗಳು,ಮೇಲಗಳು
meeladalli,ಮೇಳದಲ್ಲಿ,ಮೇಲದಲ್ಲಿ
meladalli,ಮೇಳದಲ್ಲಿ,ಮೇಲದಲ್ಲಿ
meladhalli,ಮೇಳದಲ್ಲಿ,ಮೇಲದಲ್ಲಿ
mokaddamegalu,ಮೊಕದ್ದಮೆಗಳು,ಮೋಕಾದುಹಾಗಳು
mokaddameya,ಮೊಕದ್ದಮೆಯ,ಮೋಕಾದುವಳೆಯ
mootte,ಮೊಟ್ಟೆ,ಮೂಟ್ಟೆ
monakai,ಮೊಣಕೈ,ಮೊಣಕಿ
modamodala,ಮೊದಮೊದಲ,ಮೂಡಮೊಡಲ
modalabaari,ಮೊದಲಬಾರಿ,ಮೊದಲಾಬಾರಿ
modalabari,ಮೊದಲಬಾರಿ,ಮೊದಲಾಬರಿ
modalabaarige,ಮೊದಲಬಾರಿಗೆ,ಮೊದಲಾದರಿಗೆ
modalabarige,ಮೊದಲಬಾರಿಗೆ,ಮೊದಲಾದರಿಗೆ
modale,ಮೊದಲೆ,ಮೊದಲೇ
molagala,ಮೊಲಗಳ,ಮೂಲಗಳ
molagalu,ಮೊಲಗಳು,ಮೂಲಗಳು
molada,ಮೊಲದ,ಮೊಳದ
moladha,ಮೊಲದ,ಮೊಳದ
mole,ಮೊಲೆ,ಮೊಳೆ
mohamad,ಮೊಹಮದ್,ಮೊಹಮ್ಮದ್
mohammad,ಮೊಹಮದ್,ಮಹಮ್ಮದ್
muhammad,ಮೊಹಮದ್,ಮೊಹಮ್ಮದ್
maukhika,ಮೌಖಿಕ,ಮೌಕಿಕ
moukhika,ಮೌಖಿಕ,ಮೌಕಿಕ
mowkhika,ಮೌಖಿಕ,ಮೌಕ್ಷಿಕ
maulyayuta,ಮೌಲ್ಯಯುತ,ಮೌಲ್ಯಬುತ
moulyayuta,ಮೌಲ್ಯಯುತ,ಮೌಲ್ಯಬೇತ
maaraathon,ಮ್ಯಾರಥಾನ್,ಮಾರಾಟನ್
marathon,ಮ್ಯಾರಥಾನ್,ಮರಾಠನ್
marethon,ಮ್ಯಾರಥಾನ್,ಮರೆತನ್
myaarathaan,ಮ್ಯಾರಥಾನ್,ಮ್ಯಾರಥನ್
yakruttina,ಯಕೃತ್ತಿನ,ಯಾಕೃತ್ತಿನ
yajamaananu,ಯಜಮಾನನು,ಯಜನಮಾನು
yajamananu,ಯಜಮಾನನು,ಯಜನಮನ್ನು
yajamaanaru,ಯಜಮಾನರು,ಯಜನಾಮರು
yajamanaru,ಯಜಮಾನರು,ಯಜನಮಾರು
yamune,ಯಮುನೆ,ಯಮೂನೆ
yavarannu,ಯವರನ್ನು,ಯಾವರನ್ನು
yaavudannu,ಯಾವುದನ್ನು,ಯಾವುದನ್ನೂ
yavudannu,ಯಾವುದನ್ನು,ಯಾವುದನ್ನೂ
yaavudara,ಯಾವುದರ,ಯಾವುದಾರ
yavudara,ಯಾವುದರ,ಯಾವುದಾರ
yaavudu,ಯಾವುದು,ಯಾವುದೂ
yavudu,ಯಾವುದು,ಯಾವುದೂ
yaavudoo,ಯಾವುದೂ,ಯಾವುದೋ
yaavude,ಯಾವುದೆ,ಯಾವುದೇ
yavude,ಯಾವುದೆ,ಯಾವುದೇ
yaavudo,ಯಾವುದೊ,ಯಾವುದೋ
yavudo,ಯಾವುದೊ,ಯಾವುದೋ
ugc,ಯುಜಿಸಿ,ಯುಕಿ
iuropi,ಯುರೋಪ್,ಇರುಪಿ
europenalli,ಯುರೋಪ್ನಲ್ಲಿ,ಯುರೋಪಿನಲ್ಲಿ
yuropnalli,ಯುರೋಪ್ನಲ್ಲಿ,ಯೂರೋಪಿನಲ್ಲಿ
union,ಯೂನಿಯನ್,ಯುನಿಯನ್
urea,ಯೂರಿಯಾ,ಊರಿಯಾ
ureaa,ಯೂರಿಯಾ,ಉರ್ಯ
yauvana,ಯೌವನ,ಯಾವ್ಮನ
yavana,ಯೌವನ,ಯಾವನಾ
yavvana,ಯೌವನ,ಯಾವ್ವನ
youvana,ಯೌವನ,ಯೂವನ
yauvanadhalli,ಯೌವನದಲ್ಲಿ,ಯುವಾನದಲ್ಲಿ
yavvanadalli,ಯೌವನದಲ್ಲಿ,ಯವ್ವನದಲ್ಲಿ
youvanadalli,ಯೌವನದಲ್ಲಿ,ಯುವಾನದಲ್ಲಿ
ranganna,ರಂಗಣ್ಣ,ರಂಗನ್ನ
ranga,ರಂಗಾ,ರಂಗ
rakshana,ರಕ್ಷಣಾ,ರಕ್ಷಣ
ragbi,ರಗ್ಬಿ,ರಗ್ವಿ
ragby,ರಗ್ಬಿ,ರಾಗ್ವಿ
rugbi,ರಗ್ಬಿ,ರುಗ್ವಿ
rugby,ರಗ್ಬಿ,ರುಗ್ವಿ
raghunaath,ರಘುನಾಥ್,ರೌಗೇಚಾಥ್
raghunath,ರಘುನಾಥ್,ರೌಗೇಚಾಥ್
rajaakaarara,ರಜಾಕಾರರ,ರಾಜಕಾರರ
rajakarara,ರಜಾಕಾರರ,ರಾಜಕಾರರ
ranarangadalli,ರಣರಂಗದಲ್ಲಿ,ರಣರಂಗಲಲ್ಲಿ
rathnada,ರತ್ನದ,ರಥ್ನದ
rathna,ರತ್ನಾ,ರಥ್ನ
rathnaa,ರತ್ನಾ,ರಥ್ನಾ
ramana,ರಮಣ,ರಾಮಣ
ravivara,ರವಿವಾರ,ರವಿವರ
raaket,ರಾಕೆಟ್,ರಾಕೇಟ್
racket,ರಾಕೆಟ್,ರಾಕ್ಸೆಟ್
raket,ರಾಕೆಟ್,ರಾಕೇಟ್
rocket,ರಾಕೆಟ್,ರಾಕೇಟ್
rocqet,ರಾಕೆಟ್,ರಾಕ್ಕೆಟ್
rokket,ರಾಕೆಟ್,ರಾಕ್ಕೆಟ್
raajakeeyadinda,ರಾಜಕೀಯದಿಂದ,ರಾಜಕೇಯದಿಂದ
raajakiyadinda,ರಾಜಕೀಯದಿಂದ,ರಾಜಕಿಯಾದಿಯು
rajakeeyadinda,ರಾಜಕೀಯದಿಂದ,ರಾಜಕೇಯದಿಂದ
rajakiyadinda,ರಾಜಕೀಯದಿಂದ,ರಾಜಕಿಯಾದಿಂದ
raajakeeyavannu,ರಾಜಕೀಯವನ್ನು,ರಾಜಕಿಯವನ್ನು
raajakiyavannu,ರಾಜಕೀಯವನ್ನು,ರಾಜಕಿಯವನ್ನು
rajakeeyavannu,ರಾಜಕೀಯವನ್ನು,ರಾಜಕಿಯವನ್ನು
rajakeeyawannu,ರಾಜಕೀಯವನ್ನು,ರಾಜಕಿಯವನ್ನು
rajakiyavannu,ರಾಜಕೀಯವನ್ನು,ರಾಜಕಿಯವನ್ನು
raajakeeyavaagi,ರಾಜಕೀಯವಾಗಿ,ರಾಜಕೇಯವಾಗಿ
raajakiyavaagi,ರಾಜಕೀಯವಾಗಿ,ರಾಜಕಿಯವಾಗಿ
raajakiyavagi,ರಾಜಕೀಯವಾಗಿ,ರಾಜಕಿಯವಾಗಿ
rajakeeyavaagi,ರಾಜಕೀಯವಾಗಿ,ರಾಜಕೇಯವಾಗಿ
rajakeeyawaagi,ರಾಜಕೀಯವಾಗಿ,ರಾಜಕೇಯವಾಗಿ
rajakiyavaagi,ರಾಜಕೀಯವಾಗಿ,ರಾಜಕಿಯವಾಗಿ
rajakiyavagi,ರಾಜಕೀಯವಾಗಿ,ರಾಜಕಿಯವಾಗಿ
raajaru,ರಾಜರು,ರಾಜರೂ
rajaru,ರಾಜರು,ರಾಜರೂ
raajastaana,ರಾಜಸ್ತಾನ,ರಾಜಸ್ಥಾನ
rajasthana,ರಾಜಸ್ತಾನ,ರಾಜಸ್ಥಾನ
raajastaanada,ರಾಜಸ್ತಾನದ,ರಾಜಸ್ಥಾನದ
rajasthanada,ರಾಜಸ್ತಾನದ,ರಾಜಸ್ಥಾನದ
raajaashraya,ರಾಜಾಶ್ರಯ,ರಾಜಶ್ರಾಯ
raajashraya,ರಾಜಾಶ್ರಯ,ರಾಜಶ್ರಾಯ
rajaashraya,ರಾಜಾಶ್ರಯ,ರಾಜಶ್ರಾಯ
rajashraya,ರಾಜಾಶ್ರಯ,ರಾಜಶ್ರಯ
raajeenaame,ರಾಜೀನಾಮೆ,ರಾಜಿನಾಮೆ
raajinaame,ರಾಜೀನಾಮೆ,ರಾಜಿನಾಮೆ
raajiname,ರಾಜೀನಾಮೆ,ರಾಜಿನಾಮೆ
rajinaame,ರಾಜೀನಾಮೆ,ರಾಜಿನಾಮೆ
rajiname,ರಾಜೀನಾಮೆ,ರಾಜಿನಾಮೆ
raajyasabhege,ರಾಜ್ಯಸಭೆಗೆ,ರಾಜ್ಯಾಸೆಯನ್ನೇ
rajyasabhege,ರಾಜ್ಯಸಭೆಗೆ,ರಾಜ್ಯಾಸಭೆಗೆ
raajyasabheya,ರಾಜ್ಯಸಭೆಯ,ರಾಜ್ಯಸಾಭೆಯ
rajyasabheya,ರಾಜ್ಯಸಭೆಯ,ರಾಜ್ಯಸಾಭೆಯ
rabart,ರಾಬರ್ಟ್,ರಬರ್ಟ್
robart,ರಾಬರ್ಟ್,ರೋಬರ್ಟ್
robbert,ರಾಬರ್ಟ್,ರಬಬ್ಬರ್ಟ್
robert,ರಾಬರ್ಟ್,ರೋಬರ್ಟ್
robbert,ರಾಬರ್ಟ್ಸ್,ರಬಬ್ಬರ್ಟ್
roberts,ರಾಬರ್ಟ್ಸ್,ರೋಬ್ರಸ್ಟ್
rob,ರಾಬ್,ರೋಬ್
rub,ರಾಬ್,ರೂಬ್
raamaa,ರಾಮ,ರಾಮಾ
raamana,ರಾಮನ,ರಾಮಣ
ramana,ರಾಮನ,ರಾಮಣ
raamaninda,ರಾಮನಿಂದ,ರಾಮಣಿಂದ
ramaninda,ರಾಮನಿಂದ,ರಮಣಿಂದ
raamanigoo,ರಾಮನಿಗೂ,ರಾಮಾನಿಗೂ
raamaniguu,ರಾಮನಿಗೂ,ರಾಮಾನಿಗೂ
ramanigu,ರಾಮನಿಗೂ,ರಾಮಾಣಿಗೂ
ramamoortiyavaru,ರಾಮಮೂರ್ತಿಯವರು,ರಾಮಚೂರ್ದಿಯವರು
ramamurthyyavaru,ರಾಮಮೂರ್ತಿಯವರು,ರಾಮಮುರ್ಥಿಯವರು
raavananannu,ರಾವಣನನ್ನು,ರಾವನನನ್ನು
raavananige,ರಾವಣನಿಗೆ,ರವಾನನಿಗೆ
raavananu,ರಾವಣನು,ರಾವನನ್ನು
ravananu,ರಾವಣನು,ರವನನ್ನು
richard,ರಿಚರ್ಡ್,ರಿಚಾರ್ಡ್
richards,ರಿಚರ್ಡ್ಸ್,ರಿಚಾರ್ಡ್ಸ್
richi,ರಿಚಿ,ರಿಖಿ
remoote,ರಿಮೋಟ್,ರೆಮೊಟೆ
remote,ರಿಮೋಟ್,ರೆಮಾಟೆ
reding,ರೀಡಿಂಗ್,ರೆಡಿಂಗ್
room,ರೂಂ,ರೂಮ್
rum,ರೂಂ,ರೂಮ್
run,ರೂಂ,ರೂನ್
ruddi,ರೂಡಿ,ರುದ್ದಿ
ruddy,ರೂಡಿ,ರೂಡ್ಡಿ
ruuddy,ರೂಡಿ,ರುಡ್ಡಿ
rale,ರೂಲ್,ರಾಳೆ
rule,ರೂಲ್,ರೂಳೆ
ruule,ರೂಲ್,ರೂಳಿ
ruvaari,ರೂವಾರಿ,ರುವಾರಿ
ruvari,ರೂವಾರಿ,ರುವರಿ
roovaarigalu,ರೂವಾರಿಗಳು,ರೂವರಿಗಳು
ruvaarigalu,ರೂವಾರಿಗಳು,ರುವಾರಿಗಳು
ruvarigalu,ರೂವಾರಿಗಳು,ರುವರಿಗಳು
rey,ರೇ,ರೆ
railway,ರೇಲ್ವೆ,ರೈಲ್ವೆ
relve,ರೇಲ್ವೆ,ರೆಲ್ವೆ
ronaald,ರೊನಾಲ್ಡ್,ರೋನಾಲ್ಡ್
ronald,ರೊನಾಲ್ಡ್,ರೋನಾಲ್ಡ್
romannaru,ರೋಮನ್ನರು,ರೋಮಾನ್ಮರು
rolling,ರೋಲಿಂಗ್,ರೂಲಿಂಗ್
laghu,ಲಘು,ಲಾಳೂ
laghuvada,ಲಘುವಾದ,ಲಾಲೋವಾದ
logic,ಲಾಜಿಕ್,ಲಾಕಿನ್
logik,ಲಾಜಿಕ್,ಲಾಕಿಂಗ್
laat,ಲಾಟ್,ಲ್ಯಾಟ್
lat,ಲಾಟ್,ಲ್ಯಾಟ್
lital,ಲಿಟಲ್,ಲೈಟಲ್
little,ಲಿಟಲ್,ಲಿಟ್ಟಿ
lea,ಲೀ,ಲೇ
lee,ಲೀ,ಲೇ
li,ಲೀ,ಲೈ
lii,ಲೀ,ಲೈ
leegal,ಲೀಗಲ್,ಲೈಗಲ್
legal,ಲೀಗಲ್,ಲೇಗಲ್
leagae,ಲೀಗ್,ಲೇಗಾಲ್
league,ಲೀಗ್,ಲೇಗ್
leeg,ಲೀಗ್,ಲೇಲ್
legue,ಲೀಗ್,ಲೇಗ್
lig,ಲೀಗ್,ಲಿಲ್ಕ್
lekkavilladashtu,ಲೆಕ್ಕವಿಲ್ಲದಷ್ಟು,ಲೆಕ್ಕವಿಲ್ದಾಂದರು
lekhakarada,ಲೇಖಕರಾದ,ಲೇಖಕರದ
lekhakaroo,ಲೇಖಕರೂ,ಲೇಖಕರು
lekhakaru,ಲೇಖಕರೂ,ಲೇಖಕರು
lai,ಲೈ,ಲೇ
licence,ಲೈಸನ್ಸ್,ಲೈಸೆನ್ಸ್
license,ಲೈಸನ್ಸ್,ಲೈಸೆನ್ಸ್
lokasabege,ಲೋಕಸಭೆಗೆ,ಲೋಕೋಸವೆಗೆ
lokasabhege,ಲೋಕಸಭೆಗೆ,ಲೋಕೋಶಣೆಗೆ
lookasabhege,ಲೋಕಸಭೆಗೆ,ಲೋಕೋಶಣೆಗೆ
vachanavannu,ವಚನವನ್ನು,ವಚ್ಚಾವನ್ನು
vatarada,ವಠಾರದ,ವಾತಾರದ
vatharada,ವಠಾರದ,ವಾತಾರದ
vadanti,ವದಂತಿ,ವಾದಂತಿ
vadantigalu,ವದಂತಿಗಳು,ವಾದಕ್ತಿಗಳು
vanyajeevi,ವನ್ಯಜೀವಿ,ವಾಣ್ಯಾನಿಸಿ
vanyajivi,ವನ್ಯಜೀವಿ,ವಾಣ್ಯಾಜಿಸಿ
wanyajeevi,ವನ್ಯಜೀವಿ,ವಾಣ್ಯಾನಿಸಿ
varadakshine,ವರದಕ್ಷಿಣೆ,ವರದಕ್ಷೀಣೆ
varun,ವರುಣ್,ವರ್ನ್
vartigo,ವರ್ಟಿಗೋ,ವರ್ತಿಗೂ
vertigo,ವರ್ಟಿಗೋ,ವರ್ಟಿಗೂ
wertigo,ವರ್ಟಿಗೋ,ವರ್ಟಿಗೂ
varthula,ವರ್ತುಲ,ವರ್ತುಗಳ
varshavo,ವರ್ಷವೂ,ವರ್ಷವು
varshavu,ವರ್ಷವೂ,ವರ್ಷವು
varsas,ವರ್ಸಸ್,ವಾರ್ಸಸ್
vasanta,ವಸಂತ,ವಾಸಂತ
vasantadalli,ವಸಂತದಲ್ಲಿ,ವಾಸಂತದಲ್ಲಿ
vasant,ವಸಂತ್,ವಾಸಂತ್
vasatiya,ವಸತಿಯ,ವಾಸತಿಯ
vasatiyannu,ವಸತಿಯನ್ನು,ವಾಸತಿಯನ್ನು
vasudeeva,ವಸುದೇವ,ವಾಸುದೇವ
vasudeva,ವಸುದೇವ,ವಾಸುದೇವ
vaakarike,ವಾಕರಿಕೆ,ವಾಕಾರಿಕೆ
vakarike,ವಾಕರಿಕೆ,ವಾಕಾರಿಕೆ
vat,ವಾಟ್,ವ್ಯಾಟ್
vet,ವಾಟ್,ವೆಟ್
vhat,ವಾಟ್,ವ್ಯಾಟ್
wat,ವಾಟ್,ವ್ಯಾಟ್
what,ವಾಟ್,ವ್ಯಾಟ್
vatapi,ವಾತಾಪಿ,ವಾತಪಿ
vaadyagalondige,ವಾದ್ಯಗಳೊಂದಿಗೆ,ವಾದ್ಯಗಳಿಂದಲೂ
vadyagalondige,ವಾದ್ಯಗಳೊಂದಿಗೆ,ಒಡ್ಯಗಳೊಂದಿಗೆ
vaapasaati,ವಾಪಸಾತಿ,ವಾಪಾಸತಿ
vapasati,ವಾಪಸಾತಿ,ವಾಪಾಸತಿ
vaayumandalada,ವಾಯುಮಂಡಲದ,ವಾಯುಮಾಲ್ಯದಲ
vayumandalada,ವಾಯುಮಂಡಲದ,ವಾಯುಮಾಲ್ಯದಲ
vaayumandalavu,ವಾಯುಮಂಡಲವು,ವಾಯುಮಾಲ್ಯದಂದ
vayumandalavu,ವಾಯುಮಂಡಲವು,ವಾಯುಮಾಡ್ಯಗಳವು
waariors,ವಾರಿಯರ್ಸ್,ವಾರೀಸರ್
waarriors,ವಾರಿಯರ್ಸ್,ವಾರ್ಲರ್ಸ್
wariors,ವಾರಿಯರ್ಸ್,ವಾರೀಸರ್
warriors,ವಾರಿಯರ್ಸ್,ವಾರ್ದರ್ಸ್
vaartegalu,ವಾರ್ತೆಗಳು,ವರ್ತೆಗಳು
vaarthegalu,ವಾರ್ತೆಗಳು,ವರ್ತೆಗಳು
vartegalu,ವಾರ್ತೆಗಳು,ವರ್ತೆಗಳು
varthegalu,ವಾರ್ತೆಗಳು,ವರ್ತೆಗಳು
vaarteyannu,ವಾರ್ತೆಯನ್ನು,ವಾರ್ತಿಯನ್ನು
vaartheyannu,ವಾರ್ತೆಯನ್ನು,ವಾರ್ತಿಯನ್ನು
varteyannu,ವಾರ್ತೆಯನ್ನು,ವರ್ತೆಯನ್ನು
vartheyannu,ವಾರ್ತೆಯನ್ನು,ವರ್ತೆಯನ್ನು
vaasim,ವಾಸಿಮ್,ವಾಸಿಂಂ
wasim,ವಾಸಿಮ್,ವಾಸಿನ್
vaah,ವಾಹ್,ವ್ಹಾ
vah,ವಾಹ್,ವ್ಹಾ
wah,ವಾಹ್,ವ್ಹಾ
victoorian,ವಿಕ್ಟೋರಿಯನ್,ವಿಕ್ಟರೀನ್
victoran,ವಿಕ್ಟೋರಿಯನ್,ವಿಕ್ಟರ್ನ್
victorian,ವಿಕ್ಟೋರಿಯನ್,ವಿಕ್ಟರೀನ್
viktorian,ವಿಕ್ಟೋರಿಯನ್,ವಿಕ್ಟರಿಯನ್
viktoriyan,ವಿಕ್ಟೋರಿಯನ್,ವಿಕ್ಟರಿಯನ್
wictorian,ವಿಕ್ಟೋರಿಯನ್,ವಿಕ್ಟರೀನ್
vikram,ವಿಕ್ರಮ್,ವಿಕ್ರಮ
visram,ವಿಕ್ರಮ್,ವಿಸ್ರಾಮ್
vitarakaru,ವಿತರಕರು,ವಿತಾರಕರು
witarakaru,ವಿತರಕರು,ವಿತಾರಕರು
vinegar,ವಿನಿಗರ್,ವಿನೆಯಾಂಟ್
vinigar,ವಿನಿಗರ್,ವಿನಿಯಂತರ್
vineeta,ವಿನೀತ,ವಿನೇತ
vinita,ವಿನೀತ,ವಿನಿತ
vibhajita,ವಿಭಜಿತ,ವಿಭಾಜಿತ
virechaka,ವಿರೇಚಕ,ವೀರೇಶಕ
vilevaari,ವಿಲೇವಾರಿ,ವಿಲ್ಲರಾವಿ
vila,ವಿಲ್ಲಾ,ವಿಲ್ಯಾ
villa,ವಿಲ್ಲಾ,ವಿಲ್ಲ
willa,ವಿಲ್ಲಾ,ವಿಲ್ಲ
viveechaneyannu,ವಿವೇಚನೆಯನ್ನು,ವಿವೇಶನೆಯನ್ನು
vishvavidyaanilayadalli,ವಿಶ್ವವಿದ್ಯಾನಿಲಯದಲ್ಲಿ,ವಿಶ್ವವಿದ್ಯಾಲಯದಲ್ಲಿ
vishvavidyanilayadalli,ವಿಶ್ವವಿದ್ಯಾನಿಲಯದಲ್ಲಿ,ವಿಶ್ವವಿದ್ಯಾಲಯದಲ್ಲಿ
vishwavidyaanilayadalli,ವಿಶ್ವವಿದ್ಯಾನಿಲಯದಲ್ಲಿ,ವಿಶ್ವವಿದ್ಯಾಲಯದಲ್ಲಿ
vishvavidyaanilayadinda,ವಿಶ್ವವಿದ್ಯಾನಿಲಯದಿಂದ,ವಿಶ್ವವಿದ್ಯಾಲಯದಿಂದಲೇ
vishvavidyanilayadinda,ವಿಶ್ವವಿದ್ಯಾನಿಲಯದಿಂದ,ವಿಶ್ವವಿದ್ಯಾಲಯದಿಂದಲೇ
vishwavidyaanilayadinda,ವಿಶ್ವವಿದ್ಯಾನಿಲಯದಿಂದ,ವಿಶ್ವವಿದ್ಯಾಲಯದಿಂದಲೇ
vishvavidyaanilayavannu,ವಿಶ್ವವಿದ್ಯಾನಿಲಯವನ್ನು,ವಿಶ್ವವಿದ್ಯಾಲಯವನ್ನಿಗೆ
vishvavidyanilayavannu,ವಿಶ್ವವಿದ್ಯಾನಿಲಯವನ್ನು,ವಿಶ್ವವಿದ್ಯಾಲಯವನ್ನಿಗೆ
vishwavidyaanilayavannu,ವಿಶ್ವವಿದ್ಯಾನಿಲಯವನ್ನು,ವಿಶ್ವವಿದ್ಯಾಲಯವನ್ನಿಗೆ
vishvavyaapi,ವಿಶ್ವವ್ಯಾಪಿ,ವಿಶ್ವವಿಸಲ್
vishvavyapi,ವಿಶ್ವವ್ಯಾಪಿ,ವಿಶ್ವವಿಸಲ್
vishwavyaapi,ವಿಶ್ವವ್ಯಾಪಿ,ವಿಶ್ವವಿಸಲ್
vishvavyaapiyaagi,ವಿಶ್ವವ್ಯಾಪಿಯಾಗಿ,ವಿಶ್ವವಿಸಲಾಗಿ
vishvavyapiyagi,ವಿಶ್ವವ್ಯಾಪಿಯಾಗಿ,ವಿಶ್ವವಿಸಲಾಯಿ
vishwavyaapiyaagi,ವಿಶ್ವವ್ಯಾಪಿಯಾಗಿ,ವಿಶ್ವವಿಸಲಾಗಿ
visadada,ವಿಷಾದದ,ವಿಶಾದದ
vishaadada,ವಿಷಾದದ,ವಿಶಾದದ
vishadada,ವಿಷಾದದ,ವಿಶದದ
vistarada,ವಿಸ್ತಾರದ,ವಿಸ್ತರದ
veekli,ವೀಕ್ಲಿ,ವೇಕಲಿ
veekly,ವೀಕ್ಲಿ,ವೇಕಲ್
weekli,ವೀಕ್ಲಿ,ವೇಕಲಿ
weekly,ವೀಕ್ಲಿ,ವೇಕಲ್
weeqly,ವೀಕ್ಲಿ,ವೇಕ್ಲಿ
wiikly,ವೀಕ್ಲಿ,ವಿಜಿಜಿ
veerana,ವೀರನ,ವೀರಣ
virana,ವೀರನ,ವೀರಣ
veerabhadrana,ವೀರಭದ್ರನ,ವೇರಭಾದ್ರಣ
virabhadrana,ವೀರಭದ್ರನ,ವಿರಭಾದ್ರಣ
veeraru,ವೀರರು,ವೀರಾರು
viraru,ವೀರರು,ವಿರರೂ
virochita,ವೀರೋಚಿತ,ವಿರೋಚಿತ
veer,ವೀರ್,ವೇರ್
veeryanugalu,ವೀರ್ಯಾಣುಗಳು,ವೇರೇಯನ್ಗಳು
viryanugalu,ವೀರ್ಯಾಣುಗಳು,ವಿರ್ಯನುಗಳು
vruttanta,ವೃತ್ತಾಂತ,ವೃತ್ತಂತ
vruttantha,ವೃತ್ತಾಂತ,ವೃತ್ತಂತ
vruddaru,ವೃದ್ಧರೂ,ವೃದ್ದರು
vruddharu,ವೃದ್ಧರೂ,ವೃದ್ದರು
vetarans,ವೆಟರನ್ಸ್,ವೆಟಾರಾಂಸ್
veterans,ವೆಟರನ್ಸ್,ವೆಟ್ಯಾರ್ನಸ್
weterans,ವೆಟರನ್ಸ್,ವೆಟ್ಯಾರ್ನಸ್
varaiti,ವೆರೈಟಿ,ವರದಿಸಿ
varieti,ವೆರೈಟಿ,ವರಿಹಿತಿ
variety,ವೆರೈಟಿ,ವರಿಯಿತಿ
veraiti,ವೆರೈಟಿ,ವೇರೈತಿ
verity,ವೆರೈಟಿ,ವರ್ಡಿಸಿ
wariety,ವೆರೈಟಿ,ವರಿಹಿತಿ
veetana,ವೇತನ,ವೇದಕ
veetanagalu,ವೇತನಗಳು,ವೇದಕಣಗಳು
vethanagalu,ವೇತನಗಳು,ವೇಷಗಳನ್ನು
veshadaari,ವೇಷಧಾರಿ,ವೇಷದಾರಿ
vaidhyakeeyavaagi,ವೈದ್ಯಕೀಯವಾಗಿ,ವೈದ್ಯಕಿಯವಾಗಿ
vaidyakeeyavaagi,ವೈದ್ಯಕೀಯವಾಗಿ,ವೈದ್ಯಕಿಯವಾಗಿ
vaidyakiyavaagi,ವೈದ್ಯಕೀಯವಾಗಿ,ವೈದ್ಯಕಿಯವಾಗಿ
vaidyakiyavagi,ವೈದ್ಯಕೀಯವಾಗಿ,ವೈದ್ಯಕಿಯವಾಗಿ
vaidhyakeeya,ವೈಧ್ಯಕೀಯ,ವೈದ್ಯಕೀಯ
vaidhyakiya,ವೈಧ್ಯಕೀಯ,ವೈದ್ಯಕೀಯ
vaidyakeeya,ವೈಧ್ಯಕೀಯ,ವೈದ್ಯಕೀಯ
vairudhya,ವೈರುಧ್ಯ,ವೈರುದ್ಯ
vaishyaru,ವೈಶ್ಯರು,ವೈಷ್ಯರು
vyathirikta,ವ್ಯತಿರಿಕ್ತ,ವ್ಯತ್ತಿರಿಕ
vyathiriktha,ವ್ಯತಿರಿಕ್ತ,ವ್ಯತ್ತಿರಿಕ
vyatirikta,ವ್ಯತಿರಿಕ್ತ,ವ್ಯತ್ತಿರಿಕ
vyatiriktha,ವ್ಯತಿರಿಕ್ತ,ವ್ಯತ್ತಿರಿಕ
vyathiriktavaagi,ವ್ಯತಿರಿಕ್ತವಾಗಿ,ವ್ಯತ್ತಿರಿಕವಾಗಿ
vyathiriktavagi,ವ್ಯತಿರಿಕ್ತವಾಗಿ,ವ್ಯತ್ತಿರಿಕವಾಗಿ
vyathirikthavaagi,ವ್ಯತಿರಿಕ್ತವಾಗಿ,ವ್ಯತ್ತಿರಿಕವಾಗಿ
vyathirikthavagi,ವ್ಯತಿರಿಕ್ತವಾಗಿ,ವ್ಯತ್ತಿರಿಕವಾಗಿ
vyatiriktavaagi,ವ್ಯತಿರಿಕ್ತವಾಗಿ,ವ್ಯತ್ತಿರಿಕವಾಗಿ
vyatiriktavagi,ವ್ಯತಿರಿಕ್ತವಾಗಿ,ವ್ಯತ್ತಿರಿಕವಾಗಿ
vyatirikthavaagi,ವ್ಯತಿರಿಕ್ತವಾಗಿ,ವ್ಯತ್ತಿರಿಕವಾಗಿ
vyatirikthavagi,ವ್ಯತಿರಿಕ್ತವಾಗಿ,ವ್ಯತ್ತಿರಿಕವಾಗಿ
vyathiriktavaagide,ವ್ಯತಿರಿಕ್ತವಾಗಿದೆ,ವ್ಯತ್ತಿರಿಕವಾಗಿದೆ
vyathiriktavagide,ವ್ಯತಿರಿಕ್ತವಾಗಿದೆ,ವ್ಯತ್ತಿರಿಕವಾಗಿದೆ
vyathirikthavaagide,ವ್ಯತಿರಿಕ್ತವಾಗಿದೆ,ವ್ಯತ್ತಿರಿಕವಾಗಿದೆ
vyathirikthavagide,ವ್ಯತಿರಿಕ್ತವಾಗಿದೆ,ವ್ಯತ್ತಿರಿಕವಾಗಿದೆ
vyatiriktavaagide,ವ್ಯತಿರಿಕ್ತವಾಗಿದೆ,ವ್ಯತಿಸಿಕ್ತವಾಗಿದೆ
vyatiriktavagide,ವ್ಯತಿರಿಕ್ತವಾಗಿದೆ,ವ್ಯತ್ತಿರಿಕವಾಗಿದೆ
vyatirikthavaagide,ವ್ಯತಿರಿಕ್ತವಾಗಿದೆ,ವ್ಯತಿಸಿಕ್ತವಾಗಿದೆ
vyatirikthavagide,ವ್ಯತಿರಿಕ್ತವಾಗಿದೆ,ವ್ಯತ್ತಿರಿಕವಾಗಿದೆ
vyathiriktavaada,ವ್ಯತಿರಿಕ್ತವಾದ,ವ್ಯತ್ತಿರಿಕವಾದ
vyathiriktavada,ವ್ಯತಿರಿಕ್ತವಾದ,ವ್ಯತ್ತಿರಿಕವಾದ
vyathirikthavaada,ವ್ಯತಿರಿಕ್ತವಾದ,ವ್ಯತ್ತಿರಿಕವಾದ
vyathirikthavada,ವ್ಯತಿರಿಕ್ತವಾದ,ವ್ಯತ್ತಿರಿಕವಾದ
vyatiriktavaada,ವ್ಯತಿರಿಕ್ತವಾದ,ವ್ಯತ್ತಿರಿಕವಾದ
vyatiriktavada,ವ್ಯತಿರಿಕ್ತವಾದ,ವ್ಯತ್ತಿರಿಕವಾದ
vyatirikthavaada,ವ್ಯತಿರಿಕ್ತವಾದ,ವ್ಯತ್ತಿರಿಕವಾದ
vyatirikthavada,ವ್ಯತಿರಿಕ್ತವಾದ,ವ್ಯತ್ತಿರಿಕವಾದ
vyaapakate,ವ್ಯಾಪಕತೆ,ವ್ಯಾಪಕಾತೆ
vyaapakathe,ವ್ಯಾಪಕತೆ,ವ್ಯಾಪಕಥೆ
vlaadhimir,ವ್ಲಾದಿಮಿರ್,ವ್ಲಾಭಿಮರ್
vlaadimir,ವ್ಲಾದಿಮಿರ್,ವ್ಲಾಡಿಮರ್
vladhimir,ವ್ಲಾದಿಮಿರ್,ವ್ಲಾಧಿಮೀರ್
wladimir,ವ್ಲಾದಿಮಿರ್,ವ್ಯಾಲಿಫೀರ್
satapatha,ಶತಪಥ,ಸತಾಪತ
shatapatha,ಶತಪಥ,ಶತಕಾದ
satamanadallu,ಶತಮಾನದಲ್ಲೂ,ಶತಮಾನದಲ್ಲೇ
sarirakke,ಶರೀರಕ್ಕೆ,ಶರಿರಕ್ಕೆ
sariradalli,ಶರೀರದಲ್ಲಿ,ಸರಿರಾದಲ್ಲಿ
shariradalli,ಶರೀರದಲ್ಲಿ,ಶರಿರದಲ್ಲಿ
sariravannu,ಶರೀರವನ್ನು,ಸರಿವಾರನ್ನು
shariravannu,ಶರೀರವನ್ನು,ಶರಿರವನ್ನು
sariravu,ಶರೀರವು,ಸರಿವರು
shariravu,ಶರೀರವು,ಶರಿರವು
savada,ಶವದ,ಸವಾದ
sanghai,ಶಾಂಘೈ,ಸಂಘಾಧಿ
shaanghaai,ಶಾಂಘೈ,ಶಾಂಘಾಯಿ
shanghai,ಶಾಂಘೈ,ಶಂಘಾಯಿ
shanghe,ಶಾಂಘೈ,ಶಂಘೆ
sap,ಶಾಪ್,ಸಪ್
samaka,ಶಾಮಕ,ಸಮಕ
shamaka,ಶಾಮಕ,ಶಮಕ
samanna,ಶಾಮಣ್ಣ,ಸಾಮಾನ್ನ
shamanna,ಶಾಮಣ್ಣ,ಶಮನ್ನ
sasanagalannu,ಶಾಸನಗಳನ್ನು,ಸಸನಗಳನ್ನು
sasanagalalli,ಶಾಸನಗಳಲ್ಲಿ,ಸಸಾಜನಗಳಲ್ಲಿ
sasanagalinda,ಶಾಸನಗಳಿಂದ,ಸಾಸನಗಳಿಂದ
shaasanagalive,ಶಾಸನಗಳಿವೆ,ಶಾಸನಾಗಳಿವೆ
shasanagalive,ಶಾಸನಗಳಿವೆ,ಶಾಸನಾಗಿಯದು
sasanavannu,ಶಾಸನವನ್ನು,ಸಾಸನವನ್ನು
sasanavagi,ಶಾಸನವಾಗಿ,ಸಸನವಾಗಿ
sasanavu,ಶಾಸನವು,ಶಾಸನವೂ
shaasanavu,ಶಾಸನವು,ಶಾಸನವೂ
shasanavu,ಶಾಸನವು,ಶಾಸನವೂ
sasanavondaralli,ಶಾಸನವೊಂದರಲ್ಲಿ,ಸಾಸನವೊಂದರಲ್ಲಿ
shaasanavondaralli,ಶಾಸನವೊಂದರಲ್ಲಿ,ಶಾಸನಾವೇತವಾಗಿದೆ
shaasthroktha,ಶಾಸ್ತ್ರೋಕ್ತ,ಶಾಸ್ತ್ರಕ್ತ
shaastrokta,ಶಾಸ್ತ್ರೋಕ್ತ,ಶಾಸ್ತ್ರಕ್ತ
shaasthrokthavaagi,ಶಾಸ್ತ್ರೋಕ್ತವಾಗಿ,ಶಾಸ್ತ್ರಕ್ತವಾಗಿ
shaastroktavaagi,ಶಾಸ್ತ್ರೋಕ್ತವಾಗಿ,ಶಾಸ್ತ್ರಕ್ತವಾಗಿ
shinde,ಶಿಂದೆ,ಶಿಂಧ್
sinde,ಶಿಂದೆ,ಸಿಂಡೆ
shila,ಶಿಲಾ,ಶೀಲ
sila,ಶಿಲಾ,ಶೀಲ
shilaayugada,ಶಿಲಾಯುಗದ,ಶಿಲಾಯುಗಳ
shilayugada,ಶಿಲಾಯುಗದ,ಶಿಲಾಯುಗಳ
silayugada,ಶಿಲಾಯುಗದ,ಶಿಲಾಯುಗಳ
shilaashaasana,ಶಿಲಾಶಾಸನ,ಶಿಲಾಸಾಸನ
shilaashasana,ಶಿಲಾಶಾಸನ,ಶಿಲ್ಯಾಸ್ಯಾನ
shilashaasana,ಶಿಲಾಶಾಸನ,ಶಿಲ್ಯಾಸನಾ
shilashasana,ಶಿಲಾಶಾಸನ,ಶಿಲ್ಯಾಸನಾ
silasasana,ಶಿಲಾಶಾಸನ,ಶಿಲಸಸನ
shilaashaasanagalalli,ಶಿಲಾಶಾಸನಗಳಲ್ಲಿ,ಶಿಲಾಸನಾಸಗಳಲ್ಲಿ
shilaashasanagalalli,ಶಿಲಾಶಾಸನಗಳಲ್ಲಿ,ಶಿಲಾಸನಾಸಗಳಲ್ಲಿ
shilashaasanagalalli,ಶಿಲಾಶಾಸನಗಳಲ್ಲಿ,ಶಿಲ್ಯಾಸ್ಛಾನಗಳಲ್ಲಿ
shilashasanagalalli,ಶಿಲಾಶಾಸನಗಳಲ್ಲಿ,ಶಿಲಾಸನಾಸಗಳಲ್ಲಿ
silasasanagalalli,ಶಿಲಾಶಾಸನಗಳಲ್ಲಿ,ಶಿಲಸಂಶಗಳಲ್ಲಿ
shilaashaasanagalu,ಶಿಲಾಶಾಸನಗಳು,ಶಿಲಾಸನಾಸಗಳು
shilaashasanagalu,ಶಿಲಾಶಾಸನಗಳು,ಶಿಲಾಸನಾಸಗಳು
shilashaasanagalu,ಶಿಲಾಶಾಸನಗಳು,ಶಿಲಾಸನಾಸಗಳು
shilashasanagalu,ಶಿಲಾಶಾಸನಗಳು,ಶಿಲಾಸನಾಸಗಳು
silasasanagalu,ಶಿಲಾಶಾಸನಗಳು,ಶಿಲಸನ್ಪಾನಗಳು
shivamoggadalli,ಶಿವಮೊಗ್ಗದಲ್ಲಿ,ಶಿವಮುಗಳಾಗಿಲೆ
sivamoggadalli,ಶಿವಮೊಗ್ಗದಲ್ಲಿ,ಶಿವಮುಗಳಾಗಿಲೆ
shishta,ಶಿಷ್ಟ,ಶಿಷ್ಠ
sista,ಶಿಷ್ಟ,ಶಿಸ್ತ
sirsikegalu,ಶೀರ್ಷಿಕೆಗಳು,ಶಿರ್ಷಿಕಲು
sheershikeyadiyalli,ಶೀರ್ಷಿಕೆಯಡಿಯಲ್ಲಿ,ಶೇರ್ಷಿಕೆಯಲ್ಲಿಯೇ
sirsikeyadiyalli,ಶೀರ್ಷಿಕೆಯಡಿಯಲ್ಲಿ,ಸಿರ್ಷಿಕೆಯಲ್ಲಿ
sirsikeyannu,ಶೀರ್ಷಿಕೆಯನ್ನು,ಶಿರ್ಷಿಕೆಯನ್ನು
sirsikeyu,ಶೀರ್ಷಿಕೆಯು,ಶಿರ್ಷಿಕೆಯು
shield,ಶೀಲ್ಡ್,ಶೀಲಿಡ್
shiield,ಶೀಲ್ಡ್,ಶಿಲಿದೆ
sild,ಶೀಲ್ಡ್,ಸಿಲ್ಡ್
shaila,ಶೈಲಾ,ಶೈಲ
shouchaalayada,ಶೌಚಾಲಯದ,ಶೌಚಲಾಯದ
shouchalayada,ಶೌಚಾಲಯದ,ಶೌಚಲ್ಯಾದ
shouchaalayadalli,ಶೌಚಾಲಯದಲ್ಲಿ,ಶೌಚಲ್ಯದಲ್ಲಿ
shouchalayadalli,ಶೌಚಾಲಯದಲ್ಲಿ,ಶೌಚಲ್ಯದಲ್ಲಿ
shreemantaroo,ಶ್ರೀಮಂತರೂ,ಶ್ರೀಮಂತರು
shrimantaru,ಶ್ರೀಮಂತರೂ,ಶ್ರೀಮಂತರು
shrimantharu,ಶ್ರೀಮಂತರೂ,ಶ್ರೀಮಂತರು
srimantaru,ಶ್ರೀಮಂತರೂ,ಶ್ರೀಮಂತರು
shreemati,ಶ್ರೀಮತಿ,ಶ್ರೇಮತಿ
shrimathi,ಶ್ರೀಮತಿ,ಶ್ರೀಮಾತಿ
shrimati,ಶ್ರೀಮತಿ,ಶ್ರೀಮಾತಿ
srimati,ಶ್ರೀಮತಿ,ಶ್ರೀಮಾತಿ
saha,ಷಹ,ಸಹಾ
shaha,ಷಹ,ಶಹ
sherudaararu,ಷೇರುದಾರರು,ಶೇರುದಾರರು
sherudararu,ಷೇರುದಾರರು,ಶೇರುದಾರರು
sankirana,ಸಂಕಿರಣ,ಸಂಕೀರ್ಣ
sankiranagalalli,ಸಂಕಿರಣಗಳಲ್ಲಿ,ಸಂಕೀರ್ಣಗಳಲ್ಲಿ
sankiranadalli,ಸಂಕಿರಣದಲ್ಲಿ,ಸಂಕೀರ್ಣವಾಳಿಲ್ಲ
sankhye,ಸಂಖ್ಯೆ,ಸಂಖಿ
sangharsha,ಸಂಘರ್ಷ,ಸಂಘಾರ್ಷ
sangharshakke,ಸಂಘರ್ಷಕ್ಕೆ,ಸಂಘರ್ಶಕ್ಕೆ
sangharshavu,ಸಂಘರ್ಷವು,ಸಂಘರ್ಭವೂ
sabdarshanavannu,ಸಂದರ್ಶನವನ್ನು,ಶಂದರ್ಶನವನ್ನು
sannyasa,ಸಂನ್ಯಾಸ,ಸನ್ಯಾಸ
sanyasa,ಸಂನ್ಯಾಸ,ಸನ್ಯಾಸ
sampoornavaada,ಸಂಪೂರ್ಣವಾದ,ಸಂಪುರ್ಣವಾದ
sampuravada,ಸಂಪೂರ್ಣವಾದ,ಸಂಪುರವಾದ
sambandisidante,ಸಂಬಂದಿಸಿದಂತೆ,ಸಂಬಂಧಿಸಿದಂತೆ
sambandhisiddu,ಸಂಬಂಧಿಸಿದ್ದು,ಸಂಬಂಧಿಸಿದ್ದೇ
sambhaashane,ಸಂಭಾಷಣೆ,ಸಂಭಾಷನೆ
sambhashane,ಸಂಭಾಷಣೆ,ಸಂಭಾಷನೆ
sambhaashanegala,ಸಂಭಾಷಣೆಗಳ,ಸಂಭಾಷನೆಗಳ
sambhashanegala,ಸಂಭಾಷಣೆಗಳ,ಸಂಭಾಷನೆಗಳ
sambhaashaneyannu,ಸಂಭಾಷಣೆಯನ್ನು,ಸಂಭಾಶನೆಯನ್ನು
sambhashaneyannu,ಸಂಭಾಷಣೆಯನ್ನು,ಸಂಭಾಷನೆಯನ್ನು
sambhaashaneyalli,ಸಂಭಾಷಣೆಯಲ್ಲಿ,ಸಂಭಾಶನೆಯಲ್ಲಿ
sambhashaneyalli,ಸಂಭಾಷಣೆಯಲ್ಲಿ,ಸಂಭಾಷನೆಯಲ್ಲಿ
samsadaru,ಸಂಸದರು,ಸಂಶಾದರೂ
sansadaru,ಸಂಸದರು,ಸಂಸಾದರೂ
sat,ಸತ್,ಶಾಟ್
set,ಸತ್,ಸೆಟ್
satyavati,ಸತ್ಯವತಿ,ಸತ್ಯವಾತಿ
sadananda,ಸದಾನಂದ,ಸಾಧನಂದ
sadisha,ಸದಿಶ,ಸಾದಿಶ
sadrushavaada,ಸದೃಶವಾದ,ಸಾದೃಶವಾದ
sadrushavada,ಸದೃಶವಾದ,ಸಾದೃಶ್ವದ
sanaatana,ಸನಾತನ,ಸನತನ
sanaathana,ಸನಾತನ,ಸಮಾತನ
sanatana,ಸನಾತನ,ಸನತನಾ
sanathana,ಸನಾತನ,ಸಂಘಟನ
sanaatani,ಸನಾತನಿ,ಸಮಾತನಿ
sanatani,ಸನಾತನಿ,ಸನತೆನಿ
saplai,ಸಪ್ಲೈ,ಸಪ್ಲಿ
sapply,ಸಪ್ಲೈ,ಸಪ್ಪಲಿ
supply,ಸಪ್ಲೈ,ಸೂಪ್ಪಿಯಲ್
sab,ಸಬ್,ಸಾಬ್
sabway,ಸಬ್ವೇ,ಸಬ್ವಾಯ್
subvay,ಸಬ್ವೇ,ಸಬ್ಬಾವಿ
subway,ಸಬ್ವೇ,ಸಬ್ಬಾವಿ
samabhaajaka,ಸಮಭಾಜಕ,ಸಮಾಧಾನಕ
samabhajaka,ಸಮಭಾಜಕ,ಸಮಾಧಾನಕ
samarthaneeya,ಸಮರ್ಥನೀಯ,ಸಮರ್ಥನೆಯ
samaarambhakke,ಸಮಾರಂಭಕ್ಕೆ,ಸಮಾರಾಂಶಕ್ಕೆ
samarambhakke,ಸಮಾರಂಭಕ್ಕೆ,ಸಮರಾಂಶಕ್ಕೆ
samarambhagalannu,ಸಮಾರಂಭಗಳನ್ನು,ಸಮರಂಹಗಳನ್ನು
samarambhagalalli,ಸಮಾರಂಭಗಳಲ್ಲಿ,ಸಮರಂಹಗಳಲ್ಲಿ
samaarambhada,ಸಮಾರಂಭದ,ಸಮರಂಹದ
samarambhada,ಸಮಾರಂಭದ,ಸಮರಂಹದ
samarambhadalli,ಸಮಾರಂಭದಲ್ಲಿ,ಸಾಮರಣ್ಯದಲ್ಲಿ
samaarambhavannu,ಸಮಾರಂಭವನ್ನು,ಸಮಾರಾಂಶವನ್ನು
samarambhavannu,ಸಮಾರಂಭವನ್ನು,ಸಮರಂಹವನ್ನು
samaarambhavu,ಸಮಾರಂಭವು,ಸಮಾರಾಂಶವು
samarambhavu,ಸಮಾರಂಭವು,ಸಾಮರಣವೇವು
samaalochaneyalli,ಸಮಾಲೋಚನೆಯಲ್ಲಿ,ಸಮಾಲೇಚನೆಯಲ್ಲಿ
samalochaneyalli,ಸಮಾಲೋಚನೆಯಲ್ಲಿ,ಸಮಾಲೇಚನೆಯಲ್ಲಿ
samitigalannu,ಸಮಿತಿಗಳನ್ನು,ಸಮಿತಿಗಳನ್ನೂ
samithigalalli,ಸಮಿತಿಗಳಲ್ಲಿ,ಸಂಹಿತಿಗಳಲ್ಲಿ
samithige,ಸಮಿತಿಗೆ,ಸಂಹಿತಿಗೆ
samudayakku,ಸಮುದಾಯಕ್ಕೂ,ಸಮುದಾಯಕ್ಕೆ
samudayavu,ಸಮುದಾಯವು,ಸಮುದಯವೂ
sammelana,ಸಮ್ಮೇಳನ,ಸಮ್ಮೆಲನ
sammelanakke,ಸಮ್ಮೇಳನಕ್ಕೆ,ಸಮ್ಮೇಲನಕ್ಕೆ
sammelanagala,ಸಮ್ಮೇಳನಗಳ,ಸಂಮೇಲನಗಳ
sarakugalige,ಸರಕುಗಳಿಗೆ,ಸರಕ್ಕೆಗಳಿಗೆ
sarani,ಸರಣಿ,ಸರಾಣಿ
saranigalannu,ಸರಣಿಗಳನ್ನು,ಸಾರಣಿಗಳನ್ನು
saraniyaagi,ಸರಣಿಯಾಗಿ,ಸರಾಣಿಯಾಗಿ
saraniyagi,ಸರಣಿಯಾಗಿ,ಸಾರಣಿಯಾಗಿ
sarapali,ಸರಪಳಿ,ಸರಾಜಲಿ
sarapaligalu,ಸರಪಳಿಗಳು,ಸರಾಜದಿಗಳು
saralagolisuva,ಸರಳಗೊಳಿಸುವ,ಸರಲಗಳಿಂದ
saralavaagi,ಸರಳವಾಗಿ,ಸರಾಲವಾಗಿ
saralavagi,ಸರಳವಾಗಿ,ಸರಾಲವಾಗಿ
sarita,ಸರಿತಾ,ಸಾರಿತ
saritaa,ಸರಿತಾ,ಸಾರಿತಾ
saritha,ಸರಿತಾ,ಸಾರಿತ
sariye,ಸರಿಯೇ,ಸಾರಿಯೇ
sardaar,ಸರ್ದಾರ್,ಸರ್ದರ್
sardar,ಸರ್ದಾರ್,ಸರ್ದರ್
savari,ಸವರಿ,ಸವಾರಿ
savalattugalannu,ಸವಲತ್ತುಗಳನ್ನು,ಸವಾಲತ್ತುಗಳನ್ನು
savattugalannu,ಸವಲತ್ತುಗಳನ್ನು,ಸವತ್ತುಗಳನ್ನು
savalattugalu,ಸವಲತ್ತುಗಳು,ಸವಾಲತ್ತುಗಳು
savara,ಸವಾರ,ಸವರ
savalagi,ಸವಾಲಾಗಿ,ಸವಾಲದಿ
sasara,ಸಸಾರ,ಸಸರ
sahaniya,ಸಹನೀಯ,ಸಾಮನಿಯ
sahasraaru,ಸಹಸ್ರಾರು,ಸಹಸ್ರರೂ
sahasraru,ಸಹಸ್ರಾರು,ಸಹಸ್ರರು
sahaya,ಸಹಾಯ,ಸಹಯ
sahayada,ಸಹಾಯದ,ಸಹಯದ
sahaayadondige,ಸಹಾಯದೊಂದಿಗೆ,ಸಹಯದೊಂದಿಗೆ
sahayadondige,ಸಹಾಯದೊಂದಿಗೆ,ಸಹಯದೊಂದಿಗೆ
sahyaadri,ಸಹ್ಯಾದ್ರಿ,ಸಹಾಯಾದ್ರಿ
sahyadri,ಸಹ್ಯಾದ್ರಿ,ಸಹಾಯ್ದಾರಿ
saankhika,ಸಾಂಖ್ಯಿಕ,ಸಾಂಕಿಕ
saankhyika,ಸಾಂಖ್ಯಿಕ,ಸಾಂಕಿನ
sankhyika,ಸಾಂಖ್ಯಿಕ,ಸಾಂಕಿಶ
safhalya,ಸಾಫಲ್ಯ,ಸಫಲೆ
saphalya,ಸಾಫಲ್ಯ,ಸಫಲ್ಯ
saamanya,ಸಾಮನ್ಯ,ಸಾಮಾನ್ಯ
samanya,ಸಾಮನ್ಯ,ಸಾಮಾನ್ಯ
samarthyagala,ಸಾಮರ್ಥ್ಯಗಳ,ಸಮರ್ಥ್ಯಗಳ
samarthyagalu,ಸಾಮರ್ಥ್ಯಗಳು,ಸಮರ್ಥೆಗಳು
samarthyada,ಸಾಮರ್ಥ್ಯದ,ಸಮರ್ಥ್ಯದ
samarthyadalli,ಸಾಮರ್ಥ್ಯದಲ್ಲಿ,ಸಮರ್ಥ್ಯದಲ್ಲಿ
samarthyavannu,ಸಾಮರ್ಥ್ಯವನ್ನೂ,ಸಮರ್ಥ್ಯವನ್ನು
samarthyavu,ಸಾಮರ್ಥ್ಯವು,ಸಮರ್ಥ್ಯವು
saamaagrigalu,ಸಾಮಾಗ್ರಿಗಳು,ಸಾಮಗ್ರಿಗಳು
samagrigalu,ಸಾಮಾಗ್ರಿಗಳು,ಸಾಮಗ್ರಿಗಳು
saamoohikavaagi,ಸಾಮೂಹಿಕವಾಗಿ,ಸಾಮಾಹಿಕವಾಗಿ
saamuhikavaagi,ಸಾಮೂಹಿಕವಾಗಿ,ಸಾಮುಖಿಕವಾಗಿ
saamuhikavagi,ಸಾಮೂಹಿಕವಾಗಿ,ಸಾಮುಭಿಕವಾಗಿ
samuhikavaagi,ಸಾಮೂಹಿಕವಾಗಿ,ಸಮೂಹಿಕವಾಗಿ
samuhikavagi,ಸಾಮೂಹಿಕವಾಗಿ,ಸಮೂಹಿತವಾಗಿ
sarthaka,ಸಾರ್ಥಕ,ಸರ್ತಕ
sarthakate,ಸಾರ್ಥಕತೆ,ಸರ್ತಕಥೆ
sindagiyalli,ಸಿಂದಗಿಯಲ್ಲಿ,ಸಿಂದಾಗಿಯಲ್ಲಿ
cr,ಸಿಆರ್,ಕ್ರಾ
sigma,ಸಿಗ್ಮಾ,ಸಿಗ್ಮ
sitrika,ಸಿಟ್ರಿಕ್,ಸೀತ್ರೀಕ
siddaanta,ಸಿದ್ದಾಂತ,ಸಿದ್ಧಂತ
siddaantha,ಸಿದ್ದಾಂತ,ಸಿದ್ಧಂತ
siddanta,ಸಿದ್ದಾಂತ,ಸಿದ್ಧಂತ
siddaanthakke,ಸಿದ್ದಾಂತಕ್ಕೆ,ಸಿದ್ಧಾಂತಕ್ಕೆ
siddantakke,ಸಿದ್ದಾಂತಕ್ಕೆ,ಸಿದ್ಧಂತಕ್ಕೆ
siddaanthagala,ಸಿದ್ದಾಂತಗಳ,ಸಿದ್ಧಂತಗಳ
siddantagala,ಸಿದ್ದಾಂತಗಳ,ಸಿದ್ಧಂತಗಳ
siddaanthavannu,ಸಿದ್ದಾಂತವನ್ನು,ಸಿದ್ಧಾಂತವನ್ನು
siddantavannu,ಸಿದ್ದಾಂತವನ್ನು,ಸಿದ್ಧಂತವನ್ನು
siddaanthavu,ಸಿದ್ದಾಂತವು,ಸಿದ್ಧಂತವು
siddantavu,ಸಿದ್ದಾಂತವು,ಸಿದ್ಧಂತವು
siddhaanta,ಸಿದ್ಧಾಂತ,ಸಿದ್ಧಂತ
siddhanta,ಸಿದ್ಧಾಂತ,ಸಿದ್ಧಂತ
sidhaanta,ಸಿದ್ಧಾಂತ,ಸಿದ್ಧಂತ
siddhaantakkoo,ಸಿದ್ಧಾಂತಕ್ಕೂ,ಸಿದ್ಧಾಂತಕ್ಕೆ
siddhantakku,ಸಿದ್ಧಾಂತಕ್ಕೂ,ಸಿದ್ಧಂತಕ್ಕೆ
sidhaantakkoo,ಸಿದ್ಧಾಂತಕ್ಕೂ,ಸಿದ್ಧಾಂಕಕ್ಕೆ
siddhantakke,ಸಿದ್ಧಾಂತಕ್ಕೆ,ಸಿದ್ಧಂತಕ್ಕೆ
sidhaantakke,ಸಿದ್ಧಾಂತಕ್ಕೆ,ಸಿದ್ಧಂತಕ್ಕೆ
siddhantagala,ಸಿದ್ಧಾಂತಗಳ,ಸಿದ್ಧಂತಗಳ
sidhaantagala,ಸಿದ್ಧಾಂತಗಳ,ಸಿದ್ಧಂತಗಳ
siddhantagalalli,ಸಿದ್ಧಾಂತಗಳಲ್ಲಿ,ಸಿದ್ಧಂತಗಳಲ್ಲಿ
sidhaantagalalli,ಸಿದ್ಧಾಂತಗಳಲ್ಲಿ,ಸಿದ್ಧಂತಗಳಲ್ಲಿ
siddhantagalinda,ಸಿದ್ಧಾಂತಗಳಿಂದ,ಸಿದ್ಧಂತಗಳಿಂದ
sidhaantagalinda,ಸಿದ್ಧಾಂತಗಳಿಂದ,ಸಿದ್ಧಂತಗಳಿಂದ
siddhantagalu,ಸಿದ್ಧಾಂತಗಳು,ಸಿದ್ಧಂತಗಳು
sidhaantagalu,ಸಿದ್ಧಾಂತಗಳು,ಸಿದ್ಧಂತಗಳು
siddhaantada,ಸಿದ್ಧಾಂತದ,ಸಿದ್ಧಂತದ
siddhantada,ಸಿದ್ಧಾಂತದ,ಸಿದ್ಧಂತದ
sidhaantada,ಸಿದ್ಧಾಂತದ,ಸಿದ್ಧಂತದ
siddhaantadalli,ಸಿದ್ಧಾಂತದಲ್ಲಿ,ಸಿದ್ಧಂತದಲ್ಲಿ
siddhantadalli,ಸಿದ್ಧಾಂತದಲ್ಲಿ,ಸಿದ್ಧಂತದಲ್ಲಿ
sidhaantadalli,ಸಿದ್ಧಾಂತದಲ್ಲಿ,ಸಿದ್ಧಂತದಲ್ಲಿ
siddhantavagi,ಸಿದ್ಧಾಂತವಾಗಿ,ಸಿದ್ಧಂತವಾಗಿ
sin,ಸಿನ್,ಸೀನ್
sim,ಸಿಮ್,ಸೀಮ್
siribhoovalaya,ಸಿರಿಭೂವಲಯ,ಸಿರಿಬೋಬನದ
siribhuvalaya,ಸಿರಿಭೂವಲಯ,ಸಿರಿಬ್ಬೆದಾಳ
siimaa,ಸೀಮಾ,ಶಿಮಾ
sima,ಸೀಮಾ,ಸಿಮ
seemitagolisalu,ಸೀಮಿತಗೊಳಿಸಲು,ಸೇಮಿತಗೊಳಿಸಲು
siimitagolisalu,ಸೀಮಿತಗೊಳಿಸಲು,ಸಿಮಿತಗಿಸಲಾಗಿವೆ
suduttaare,ಸುಡುತ್ತಾರೆ,ಸುದುತ್ತಾರೆ
suduttare,ಸುಡುತ್ತಾರೆ,ಸುದುತ್ತಾರೆ
suduttiruva,ಸುಡುತ್ತಿರುವ,ಸುದುತ್ತಿರುವ
suduttiruwa,ಸುಡುತ್ತಿರುವ,ಸುದುತ್ತಿರುವ
suttaadi,ಸುತ್ತಾಡಿ,ಸುತ್ತದಿ
suttadi,ಸುತ್ತಾಡಿ,ಸುತ್ತದಿ
suttaadida,ಸುತ್ತಾಡಿದ,ಸುತ್ತದಿದ
suttadida,ಸುತ್ತಾಡಿದ,ಸುತ್ತದಿದ
sudhaakara,ಸುಧಾಕರ,ಸುಧಾಕಾರ
sudhakara,ಸುಧಾಕರ,ಸುಧಾಕಾರ
subbanna,ಸುಬ್ಬಣ್ಣ,ಸುಬ್ಬನ್ನ
subrahmanya,ಸುಬ್ರಹ್ಮಣ್ಯ,ಸುಬರ್ಮನ್ಯ
subhaasha,ಸುಭಾಷ್,ಸುಭಾಷ
sumati,ಸುಮತಿ,ಸುಮಾತಿ
sumalata,ಸುಮಲತಾ,ಸುಮಾಲತ
surisuva,ಸುರಿಸುವ,ಸೂರಿಸುವ
soochaka,ಸೂಚಕ,ಸೋಚಕ
suchaka,ಸೂಚಕ,ಸುಚಕ
soochakavaagie,ಸೂಚಕವಾಗಿದೆ,ಸೂಚಕವಾಗಿ
srashthi,ಸೃಷ್ಠಿ,ಸೃಷ್ಟಿ
srushti,ಸೃಷ್ಠಿ,ಸೃಷ್ಟಿ
centuri,ಸೆಂಚುರಿ,ಚೆಂಟರಿ
century,ಸೆಂಚುರಿ,ಸೆಂಟರಿ
senchuri,ಸೆಂಚುರಿ,ಸೆಂಚರಿ
sekshan,ಸೆಕ್ಷನ್,ಸೀಕ್ಷನ್
sekson,ಸೆಕ್ಷನ್,ಸೆಕ್ಸನ್
sensar,ಸೆನ್ಸರ್,ಸೆನ್ಸಾರ್
sensor,ಸೆನ್ಸರ್,ಸೆನ್ಸಾರ್
semi,ಸೆಮಿ,ಸೇಮಿ
semicondactor,ಸೆಮಿಕಂಡಕ್ಟರ್,ಸೆಮಿಕೆಂಟರ್ಟ್
semiconductor,ಸೆಮಿಕಂಡಕ್ಟರ್,ಸೆಮಿಂಪುಟೇಟ್ಸರ್
semikondaktor,ಸೆಮಿಕಂಡಕ್ಟರ್,ಸೆಮಿಕೊಂಡಕ್ಕರು
semikonduktor,ಸೆಮಿಕಂಡಕ್ಟರ್,ಸೆಮಿಕೊಂಡುಕ್ತಾರೆ
serehediyalu,ಸೆರೆಹಿಡಿಯಲು,ಸೆರೆಹಿಡೆಯಲು
celebriti,ಸೆಲೆಬ್ರಿಟಿ,ಚೆಲೆಬಿರ್ತಿ
celebrity,ಸೆಲೆಬ್ರಿಟಿ,ಚೆಲೆಬಿರ್ತಿ
selebriti,ಸೆಲೆಬ್ರಿಟಿ,ಸೆಲೆಬೇರ್ತಿ
seletakke,ಸೆಳೆತಕ್ಕೆ,ಸೆಲೆತಕ್ಕೆ
selethakke,ಸೆಳೆತಕ್ಕೆ,ಸೆಲೆತಕ್ಕೆ
seleyalu,ಸೆಳೆಯಲು,ಸೇಳೆಯಲು
cecil,ಸೆಸಿಲ್,ಸೆಕಿಲ್
secil,ಸೆಸಿಲ್,ಸೆಕಿಲ್
sessile,ಸೆಸಿಲ್,ಸೇಸ್ಸಿಲ್
saint,ಸೈಂಟ್,ಸಂತ
silent,ಸೈಲೆಂಟ್,ಸಿಲೆಂಟ್
sollegalinda,ಸೊಳ್ಳೆಗಳಿಂದ,ಶೋಲೆಗಳಲ್ಲಿವ
sollegalu,ಸೊಳ್ಳೆಗಳು,ಸೋಲೆಗಳು
soota,ಸೋತ,ಸೋಟ
sota,ಸೋತ,ಸೋಟ
sofa,ಸೋಫಾ,ಸೋಫ
soofhaa,ಸೋಫಾ,ಸೂಫ
sopha,ಸೋಫಾ,ಸೋಫ
sooviyet,ಸೋವಿಯೆತ್,ಸೌರೇಲಿಟ್
soviet,ಸೋವಿಯೆತ್,ಸೌರೇಲ್ಟ್
soosi,ಸೋಸಿ,ಸೂಸಿ
saulabhyagalannu,ಸೌಲಭ್ಯಗಳನ್ನು,ಸಂದೋಭನಗಳನ್ನು
soulabhyagalannu,ಸೌಲಭ್ಯಗಳನ್ನು,ಸೌಲೋಶಣಳನ್ನು
saulabhyagalige,ಸೌಲಭ್ಯಗಳಿಗೆ,ಸೌಲಭೆಗಳಿಗೆ
soulabhyagalige,ಸೌಲಭ್ಯಗಳಿಗೆ,ಸೌಲಭೆಗಳಿಗೆ
soulabhyadinda,ಸೌಲಭ್ಯದಿಂದ,ಸೌಲಭದಿಂದ
soulabhyavannu,ಸೌಲಭ್ಯವನ್ನು,ಸೌಲೋಭವನ್ನು
scorpio,ಸ್ಕಾರ್ಪಿಯೋ,ಸ್ಕೋರ್ಜಿಯಾ
scorpiyo,ಸ್ಕಾರ್ಪಿಯೋ,ಸ್ಕೋರ್ಸಿಯೋ
skaarpiyo,ಸ್ಕಾರ್ಪಿಯೋ,ಸ್ಕಾರ್ಸಿಯೋ
skaarpiyoo,ಸ್ಕಾರ್ಪಿಯೋ,ಸ್ಕಾರ್ಲಿಯೂ
scaba,ಸ್ಕೂಬಾ,ಸ್ಮೋಬ
scuba,ಸ್ಕೂಬಾ,ಸ್ಮೂಬ
scubaa,ಸ್ಕೂಬಾ,ಸ್ಮೂಲಾ
skoobaa,ಸ್ಕೂಬಾ,ಸ್ಕೂಲಾ
schoolinalli,ಸ್ಕೂಲಿನಲ್ಲಿ,ಸೂಜಿಲ್ಯಾನಲ್ಲಿ
skaai,ಸ್ಕೈ,ಸ್ಕಾಯಿ
sky,ಸ್ಕೈ,ಸ್ಕಿ
scraatch,ಸ್ಕ್ರಾಚ್,ಸ್ಕಾರ್ಟ್
scratch,ಸ್ಕ್ರಾಚ್,ಸ್ಕಾರ್ಟ್
scretch,ಸ್ಕ್ರಾಚ್,ಸ್ಕ್ರೀಟ್
still,ಸ್ಟೀಲ್,ಸ್ಟಿಲ್
stras,ಸ್ಟ್ರಾಸ್,ಸ್ಟಾರ್ಸ್
strauss,ಸ್ಟ್ರಾಸ್,ಸ್ಟ್ರಾನ್ಸ್
sthithisthaapaka,ಸ್ಥಿತಿಸ್ಥಾಪಕ,ಸ್ಥಿತಿಸ್ಥಕಾತ
sthitisthapaka,ಸ್ಥಿತಿಸ್ಥಾಪಕ,ಸ್ಥಿತಿಸ್ಥಕಾತ
sthityantaragala,ಸ್ಥಿತ್ಯಂತರಗಳ,ಸ್ಥಿತಿಂಶಕವಾಗ
smrati,ಸ್ಮೃತಿ,ಸ್ಕಾರ್ಥಿ
smruti,ಸ್ಮೃತಿ,ಸುರುತಿ
smratigalu,ಸ್ಮೃತಿಗಳು,ಸ್ಕಾರ್ಥಿಗಳು
smrutigalu,ಸ್ಮೃತಿಗಳು,ಸುರುತಿಗಳು
smratiya,ಸ್ಮೃತಿಯ,ಸ್ಕಾರ್ಥಿಯ
smrutiya,ಸ್ಮೃತಿಯ,ಸುರುತಿಯ
smratiyalli,ಸ್ಮೃತಿಯಲ್ಲಿ,ಸ್ಕಾರ್ಥಿಯಲ್ಲಿ
smruthiyalli,ಸ್ಮೃತಿಯಲ್ಲಿ,ಸುರುತಿಯಲ್ಲಿ
saandy,ಸ್ಯಾಂಡಿ,ಸಾಂದಿ
sandi,ಸ್ಯಾಂಡಿ,ಸಂದಿ
sandy,ಸ್ಯಾಂಡಿ,ಸಂದಿ
syaandi,ಸ್ಯಾಂಡಿ,ಸ್ನಾಬ್ಡಿ
saand,ಸ್ಯಾಂಡ್,ಸಾಂದ್
sand,ಸ್ಯಾಂಡ್,ಸಂದ್
slyanda,ಸ್ಯಾಂಡ್,ಸ್ಲಾಯ್ಯಂ
sam,ಸ್ಯಾಮ್,ಸಾಮ್
svayamprerita,ಸ್ವಯಂಪ್ರೇರಿತ,ಸ್ವಯಂಪರಿಸಿತ
svayampreritha,ಸ್ವಯಂಪ್ರೇರಿತ,ಸ್ವಯಂಪರಿಸಿತ
swayampreerita,ಸ್ವಯಂಪ್ರೇರಿತ,ಸ್ವಯಂಪರಿಸಿತ
swayamprerita,ಸ್ವಯಂಪ್ರೇರಿತ,ಸ್ವಯಂಪರಿಸಿತ
svayampreritavaagi,ಸ್ವಯಂಪ್ರೇರಿತವಾಗಿ,ಸ್ವಯಂಪರಿಸುವಾಗಿ
svayampreritavagi,ಸ್ವಯಂಪ್ರೇರಿತವಾಗಿ,ಸ್ವಯಂಪರಿಸುವಾಗಿ
svayamprerithavaagi,ಸ್ವಯಂಪ್ರೇರಿತವಾಗಿ,ಸ್ವಯಂಪರಿಸುವಾಗಿ
svayamprerithavagi,ಸ್ವಯಂಪ್ರೇರಿತವಾಗಿ,ಸ್ವಯಂಪರಿಸುತವಾಗಿ
swayampreeritavaagi,ಸ್ವಯಂಪ್ರೇರಿತವಾಗಿ,ಸ್ವಯಂಪರಿಸುವಾಗಿ
swayampreritavaagi,ಸ್ವಯಂಪ್ರೇರಿತವಾಗಿ,ಸ್ವಯಂಪರಿಸುವಾಗಿ
svalpavu,ಸ್ವಲ್ಪವೂ,ಸ್ವಲ್ಪವು
svamiji,ಸ್ವಾಮೀಜಿ,ಸ್ವಾಮಿಸಿ
swaamiji,ಸ್ವಾಮೀಜಿ,ಸ್ವಾಮಿಸಿ
swamiji,ಸ್ವಾಮೀಜಿ,ಸ್ವಾಮಿಸಿ
swaamijiyavara,ಸ್ವಾಮೀಜಿಯವರ,ಸ್ವಾಮಿನಿಯವರ
swamijiyavara,ಸ್ವಾಮೀಜಿಯವರ,ಸ್ವಾಮಿನಿಯವರ
swaamijiyavaru,ಸ್ವಾಮೀಜಿಯವರು,ಸ್ವಾಮಿನಿಯವರು
swamijiyavaru,ಸ್ವಾಮೀಜಿಯವರು,ಸ್ವಾಮಿನಿಯವರು
swedan,ಸ್ವೀಡನ್,ಸ್ವೇದನ್
swiidan,ಸ್ವೀಡನ್,ಸ್ವೀಡಿಯನ್
hangeriya,ಹಂಗೇರಿಯ,ಹಂಗಿರಿಯ
hungaria,ಹಂಗೇರಿಯ,ಹುಂಗಾರಿಯ
hungarya,ಹಂಗೇರಿಯ,ಹುಂಗಾರ್ಯ
hangarian,ಹಂಗೇರಿಯನ್,ಹಂಗಾರಿಯನ್
hungaran,ಹಂಗೇರಿಯನ್,ಹುಂಗಾರನ್
hungarian,ಹಂಗೇರಿಯನ್,ಹುಂಗಾರಿಯನ್
handimansa,ಹಂದಿಮಾಂಸ,ಹಂದಿನಾಂಸ
hampeya,ಹಂಪೆಯ,ಹಂಪಿಯ
hampiya,ಹಂಪೆಯ,ಹಂಪಿಯ
hagura,ಹಗುರ,ಹಾಗುರ
hagiravaagi,ಹಗುರವಾಗಿ,ಹಾಗಿರವಾಗಿ
haguravaagi,ಹಗುರವಾಗಿ,ಹಾಗುರವಾಗಿ
haguravagi,ಹಗುರವಾಗಿ,ಹಾಗುರವಾಗಿ
haguravaada,ಹಗುರವಾದ,ಹಾಗುರವಾದ
haguravada,ಹಗುರವಾದ,ಹಾಗುರವಾದ
hagetana,ಹಗೆತನ,ಹಾಗಿತನ
hagethana,ಹಗೆತನ,ಹಾಗಿತನ
hattara,ಹತ್ತರ,ಹತ್ತಾರ
hattu,ಹತ್ತೂ,ಹತ್ತು
hada,ಹದ,ಹಡದ
hadakke,ಹದಕ್ಕೆ,ಹಡಕ್ಕೆ
hadagedutta,ಹದಗೆಡುತ್ತಾ,ಹಡಗೆದ್ದುತ
hadageduttaa,ಹದಗೆಡುತ್ತಾ,ಹಡಗೆದ್ದುತ
hadavaagi,ಹದವಾಗಿ,ಹಡವಾಗಿ
hadavagi,ಹದವಾಗಿ,ಹಡವಾಗಿ
hadavaada,ಹದವಾದ,ಹಡವಾದ
hadavada,ಹದವಾದ,ಹಡವಾದ
hadihareyada,ಹದಿಹರೆಯದ,ಹೈದರೆಯದ
hanuma,ಹನುಮ,ಹನುಮಾ
hanumanta,ಹನುಮಂತ,ಹಣುಮಾಂತ
hanumantana,ಹನುಮಂತನ,ಹಣುಮಾಂತನ
hanumana,ಹನುಮನ,ಹನುಮಾನ
hanneradu,ಹನ್ನೆರಡು,ಹಣ್ಣೆರದು
halavedegalalli,ಹಲವೆಡೆಗಳಲ್ಲಿ,ಹಳವೆದೆಗಳಲ್ಲಿ
hali,ಹಳಿ,ಹಾಲಿ
havyakara,ಹವ್ಯಕರ,ಹವ್ಯಾಕಾರ
havyakaru,ಹವ್ಯಕರು,ಹವ್ಯಾಕಾರು
hasida,ಹಸಿದ,ಹಾಸಿದ
hastinaapurada,ಹಸ್ತಿನಾಪುರದ,ಹಸ್ತಿಮಾಸ್ತರಾದ
hastinapurada,ಹಸ್ತಿನಾಪುರದ,ಹಸ್ತಿಮಾಸ್ತದ
haadininda,ಹಾಡಿನಿಂದ,ಹದಿನಿಂದ
hadininda,ಹಾಡಿನಿಂದ,ಹದಿನಿಂದ
haanigalagaada,ಹಾನಿಗೊಳಗಾದ,ಹಾನಿಗಳಾಗದ
haanigolagaada,ಹಾನಿಗೊಳಗಾದ,ಹಾನಿಗಳಾಗದ
hanigolagada,ಹಾನಿಗೊಳಗಾದ,ಹಾನಿಗಳಾಗದ
haarisalu,ಹಾರಿಸಲು,ಹರಿಸಲು
harisalu,ಹಾರಿಸಲು,ಹರಿಸಲು
harisi,ಹಾರಿಸಿ,ಹರಿಸಿ
horn,ಹಾರ್ನ್,ಹಾರನ್
horp,ಹಾರ್ಪ್,ಹಾರ್ಕ್
haalugedavalu,ಹಾಳುಗೆಡವಲು,ಹಾಲುಗೆಡವಾಗಿ
halugedavalu,ಹಾಳುಗೆಡವಲು,ಹಾಲುಗೆಡವಾಗಿ
halugedavi,ಹಾಳುಗೆಡವಿ,ಹಾಲುಗೆಡವಿ
haavali,ಹಾವಳಿ,ಹವಳಿ
havali,ಹಾವಳಿ,ಹವಳಿ
haavaliyannu,ಹಾವಳಿಯನ್ನು,ಹವಳಿಯನ್ನು
havaliyannu,ಹಾವಳಿಯನ್ನು,ಹವಳಿಯನ್ನು
hostel,ಹಾಸ್ಟೆಲ್,ಹಾಸ್ಟಲ್
hasya,ಹಾಸ್ಯ,ಹಸ್ಯ
hasyada,ಹಾಸ್ಯದ,ಹಸ್ಯದ
hasyavagi,ಹಾಸ್ಯವಾಗಿ,ಹಸ್ಯವಾಗಿ
hasyave,ಹಾಸ್ಯವೇ,ಹಸ್ಯವೇ
himsaathmaka,ಹಿಂಸಾತ್ಮಕ,ಹಿಂಪಾಸ್ಕಾಕ
himsaatmaka,ಹಿಂಸಾತ್ಮಕ,ಹಿಂಪಾಸ್ಕಾಕ
himsathmaka,ಹಿಂಸಾತ್ಮಕ,ಹಿಂಸ್ಥಾಕಕ
himsatmaka,ಹಿಂಸಾತ್ಮಕ,ಹಿಂಸಂತಕ
hinsatmaka,ಹಿಂಸಾತ್ಮಕ,ಹಿಂಸತ್ಮಕ
himsege,ಹಿಂಸೆಗೆ,ಹಿಸ್ಮೆಗೆ
himseya,ಹಿಂಸೆಯ,ಹಿಸ್ಮೆಯ
himseyannu,ಹಿಂಸೆಯನ್ನು,ಹಿಸ್ಮೆಯನ್ನು
hiri,ಹಿರಿ,ಹೀರಿ
hiridu,ಹಿರಿದು,ಹೀರಿದು
hiriyadka,ಹಿರಿಯಡ್ಕ,ಹಿರಿಯಾದಕ
hirematha,ಹಿರೇಮಠ,ಹಿರಬಚ
hitematha,ಹಿರೇಮಠ,ಹಿಡಿಮಾತ
hiremat,ಹಿರೇಮಠ್,ಹಿರಬಚ್
hiremath,ಹಿರೇಮಠ್,ಹಿರಬಚ್
hirooshima,ಹಿರೋಷಿಮಾ,ಹಿರೋಚಿನ
hiroshima,ಹಿರೋಷಿಮಾ,ಹಿರೋಚಿನ
hiroshimaa,ಹಿರೋಷಿಮಾ,ಹೀರೋಚಿನ
heat,ಹೀಟ್,ಹ್ಯಾಟ್
heet,ಹೀಟ್,ಹೆಟ್
het,ಹೀಟ್,ಹೆಟ್
hit,ಹೀಟ್,ಹಿಟ್
heenate,ಹೀನತೆ,ಹೆಣತೆ
hinate,ಹೀನತೆ,ಹಿನತೆ
hebrev,ಹೀಬ್ರೂ,ಹೆಬ್ರೆ
hebrew,ಹೀಬ್ರೂ,ಹೆಬ್ರೆ
heebroo,ಹೀಬ್ರೂ,ಹೈಬರೂ
hook,ಹುಕ್,ಹಾಕ್
hooq,ಹುಕ್,ಹ್ಯೂಕ್
huk,ಹುಕ್,ಹ್ಯೂ
he,ಹೆ,ಹೇ
hechchutta,ಹೆಚ್ಚುತ್ತ,ಹೆಚ್ಚುತ್ತಾ
hechhutta,ಹೆಚ್ಚುತ್ತ,ಹೆಚ್ಚುತ್ತಾ
hecchuvariyagide,ಹೆಚ್ಚುವರಿಯಾಗಿ,ಹೆಚ್ಚುವರೆಯಾಗಿದೆ
hechchuvariyaagi,ಹೆಚ್ಚುವರಿಯಾಗಿ,ಹೆಚ್ಚುವರೆಯಾಗಿ
hechhuvaruyaagi,ಹೆಚ್ಚುವರಿಯಾಗಿ,ಹೆಚ್ಚುವರೆಗಾಯಿ
hesarittaru,ಹೆಸರಿಟ್ಟರು,ಹೆಸರಿತ್ತರು
haaid,ಹೈಡ್,ಹೈದ್
hide,ಹೈಡ್,ಹಿಡೆ
hondiddante,ಹೊಂದಿದಂತೆ,ಹೊಂದಿದ್ದಂತೆ
hondidaru,ಹೊಂದಿದರೂ,ಹೊಂದಿದರು
hogeyannu,ಹೊಗೆಯನ್ನು,ಹೋಗೆಯನ್ನು
hogesoppina,ಹೊಗೆಸೊಪ್ಪಿನ,ಹೋಜುಸೂಕ್ಷೆಯ
horathu,ಹೊರತು,ಹೊರಟು
horatu,ಹೊರತು,ಹೊರಟು
holapannu,ಹೊಳಪನ್ನು,ಹೋಲಪನ್ನು
hosanagara,ಹೊಸನಗರ,ಹೊಸನಾಗರ
hosabettu,ಹೊಸಬೆಟ್ಟು,ಹೊಸಬೇತ್ತು
homeopathi,ಹೋಮಿಯೋಪತಿ,ಹೊಮೆತಾಪಿ
homeopathy,ಹೋಮಿಯೋಪತಿ,ಹೊಮೆಟಾಪಿ
homeopethy,ಹೋಮಿಯೋಪತಿ,ಹೊಮ್ಯುತಿ
homiyoopathi,ಹೋಮಿಯೋಪತಿ,ಹೊಮಿಯಾಕ್ರಿ
homiyoopati,ಹೋಮಿಯೋಪತಿ,ಹೋಮಿಯಾಕ್ತಿ
homiyopathi,ಹೋಮಿಯೋಪತಿ,ಹೊಮಿಯಾಕ್ತಿ
homiyopati,ಹೋಮಿಯೋಪತಿ,ಹೋಮಿಯಾಕ್ತಿ
homoeopathi,ಹೋಮಿಯೋಪತಿ,ಹೋಮುಪತಿ
homoeopathy,ಹೋಮಿಯೋಪತಿ,ಹೋಮುಪತಿ
homoeopethy,ಹೋಮಿಯೋಪತಿ,ಹೊಮ್ಯುಟಿಟ್
hoomiyoopathi,ಹೋಮಿಯೋಪತಿ,ಹೊಮಿಯಾಕ್ರಿಟಿ
hoomiyoopati,ಹೋಮಿಯೋಪತಿ,ಹೋಮಿಯಾಕ್ತಿ
hoomiyopathi,ಹೋಮಿಯೋಪತಿ,ಹೋಮಿಯಾಕ್ತಿ
hoomiyopati,ಹೋಮಿಯೋಪತಿ,ಹೋಮಿಯಾಕ್ತಿ
holuva,ಹೋಲುವ,ಹೋಳುವ
hooluva,ಹೋಲುವ,ಹೂಳುವ
hol,ಹೋಲ್,ಹಾಲ್
hole,ಹೋಲ್,ಹೊಳೆ
hoole,ಹೋಲ್,ಹೋಳೆ
whole,ಹೋಲ್,ವೇಲೆ
haends,ಹ್ಯಾಂಡ್ಸ್,ಹೆಂಡ್ಸ್
hands,ಹ್ಯಾಂಡ್ಸ್,ಹಂಡ್ಸ್
hat,ಹ್ಯಾಟು,ಹಟ್
hyaatu,ಹ್ಯಾಟು,ಹಾಯತ್ತೇ
